time,pitch,roll,yaw,BROW_RAISER_LEFT,BROW_RAISER_RIGHT,BROW_LOWERER_LEFT,BROW_LOWERER_RIGHT,SMILE,KISS,MOUTH_OPEN,TONGUE_OUT,EYES_CLOSED_LEFT,EYES_CLOSED_RIGHT,EYES_TURN_LEFT,EYES_TURN_RIGHT,EYES_UP,EYES_DOWN
1480298087.033,-12.2003,-2.0432009999999998,-4.6032450000000003,0.0,0.0,0.0,0.0,0.0,0.0,0.0,0.0,59.0,0.0,100.0,0.0,0.0,36.0
1480298087.332,-9.1045040000000004,-4.7080209999999996,4.8175809999999997,0.0,0.0,0.0,0.0,0.0,0.0,0.0,0.0,0.0,100.0,27.0,0.0,0.0,100.0
1480298087.4779999,-10.89794,-5.1845780000000001,-4.0339600000000004,0.0,0.0,0.0,0.0,0.0,0.0,0.0,0.0,0.0,0.0,100.0,0.0,0.0,100.0
1480298087.612,-3.0788950000000002,-2.3260269999999998,0.55749990000000005,0.0,0.0,0.0,0.0,0.0,100.0,4.0,0.0,0.0,0.0,0.0,100.0,100.0,0.0
1480298087.76,-6.8744969999999999,-1.3129139999999999,5.1080589999999999,0.0,0.0,0.0,0.0,0.0,100.0,0.0,0.0,0.0,0.0,0.0,100.0,100.0,0.0
1480298087.8640001,-11.7662,-5.7029240000000003,-3.6792570000000002,0.0,0.0,0.0,0.0,0.0,0.0,0.0,0.0,0.0,21.0,100.0,0.0,0.0,100.0
1480298087.98,-12.074009999999999,-2.1754920000000002,-5.0178339999999997,0.0,0.0,0.0,0.0,0.0,0.0,0.0,0.0,0.0,100.0,100.0,0.0,0.0,100.0
1480298088.131,-3.8145699999999998,-3.9826429999999999,-0.6377138,0.0,0.0,0.0,0.0,0.0,0.0,3.0,0.0,0.0,0.0,100.0,0.0,0.0,100.0
1480298088.3169999,-12.88011,-1.1356059999999999,-2.7671410000000001,0.0,0.0,0.0,0.0,0.0,0.0,0.0,0.0,100.0,100.0,100.0,0.0,0.0,100.0
1480298088.414,-9.7502239999999993,-2.1515140000000001,6.3102479999999996,0.0,0.0,0.0,0.0,0.0,0.0,0.0,0.0,100.0,0.0,100.0,0.0,100.0,0.0
1480298088.596,-10.44824,0.21344840000000001,9.8642629999999993,0.0,0.0,0.0,0.0,0.0,0.0,0.0,0.0,100.0,0.0,100.0,0.0,100.0,0.0
1480298088.7609999,-12.02364,0.069595829999999997,10.31232,0.0,0.0,0.0,0.0,0.0,0.0,0.0,0.0,100.0,0.0,100.0,0.0,100.0,0.0
1480298088.859,-12.24517,-2.8131650000000001,9.6325640000000003,0.0,0.0,0.0,0.0,0.0,0.0,0.0,0.0,100.0,0.0,100.0,0.0,100.0,0.0
1480298088.964,-14.454560000000001,-5.1726130000000001,8.465878,0.0,0.0,0.0,0.0,0.0,0.0,0.0,0.0,100.0,0.0,100.0,0.0,100.0,0.0
1480298089.0799999,-16.93993,-5.7839499999999999,6.5839590000000001,0.0,0.0,0.0,0.0,0.0,0.0,0.0,0.0,100.0,0.0,100.0,0.0,100.0,0.0
1480298089.1860001,-24.31373,-6.2378869999999997,-4.1526480000000001,0.0,0.0,0.0,0.0,0.0,0.0,0.0,0.0,100.0,0.0,100.0,0.0,100.0,0.0
1480298089.309,-24.267199999999999,-7.2304880000000002,-4.2479370000000003,0.0,0.0,0.0,0.0,0.0,0.0,0.0,0.0,100.0,0.0,100.0,0.0,100.0,0.0
1480298089.405,-24.613869999999999,-8.1740069999999996,-3.532114,0.0,0.0,0.0,0.0,0.0,0.0,0.0,0.0,100.0,0.0,100.0,0.0,100.0,0.0
1480298089.5,-22.646560000000001,-7.5167700000000002,-0.90986180000000005,0.0,0.0,0.0,0.0,0.0,0.0,0.0,0.0,0.0,42.0,0.0,49.0,0.0,100.0
1480298089.605,-20.844989999999999,-6.6037160000000004,1.683775,0.0,0.0,0.0,0.0,0.0,0.0,0.0,0.0,100.0,0.0,0.0,41.0,0.0,70.0
1480298089.723,-15.76505,-5.7534510000000001,3.290203,0.0,0.0,0.0,0.0,0.0,0.0,3.0,0.0,0.0,0.0,0.0,10.0,0.0,100.0
1480298089.839,-16.106819999999999,-4.6210060000000004,9.2196909999999992,0.0,0.0,0.0,0.0,0.0,0.0,0.0,0.0,0.0,0.0,0.0,100.0,0.0,60.0
1480298089.9360001,-13.067220000000001,-3.8818009999999998,6.3381169999999996,0.0,0.0,0.0,0.0,0.0,0.0,0.0,0.0,0.0,0.0,0.0,91.0,0.0,100.0
1480298090.0309999,-2.8656090000000001,-3.1160350000000001,7.853917,0.0,0.0,0.0,0.0,0.0,0.0,9.0,0.0,0.0,0.0,0.0,100.0,0.0,100.0
1480298090.135,0.32316719999999999,-2.0193080000000001,14.27413,0.0,0.0,0.0,0.0,0.0,0.0,9.0,0.0,0.0,0.0,0.0,100.0,0.0,0.0
1480298090.2420001,14.6938,-5.8860109999999999,13.45473,0.0,0.0,0.0,0.0,0.0,0.0,24.0,0.0,0.0,0.0,0.0,55.0,100.0,0.0
1480298090.3529999,1.5108490000000001,-1.7054940000000001,12.39062,0.0,0.0,0.0,0.0,0.0,0.0,9.0,0.0,0.0,100.0,0.0,89.0,0.0,100.0
1480298090.448,9.8267290000000003,-0.70798510000000003,16.996269999999999,0.0,0.0,0.0,0.0,0.0,0.0,12.0,0.0,0.0,0.0,0.0,81.0,62.0,0.0
1480298090.5580001,15.80875,-1.958375,16.22775,0.0,0.0,0.0,0.0,0.0,0.0,0.0,0.0,0.0,20.0,0.0,80.0,0.0,100.0
1480298090.6570001,-4.5113430000000001,-1.4777849999999999,15.326219999999999,0.0,0.0,0.0,0.0,0.0,0.0,12.0,0.0,0.0,55.0,0.0,100.0,0.0,59.0
1480298090.7869999,5.9927849999999996,-1.682795,16.26633,0.0,0.0,0.0,0.0,0.0,0.0,6.0,0.0,0.0,0.0,0.0,100.0,0.0,100.0
1480298090.911,11.69355,0.63881030000000005,16.702190000000002,0.0,0.0,0.0,0.0,0.0,0.0,16.0,0.0,0.0,0.0,0.0,100.0,0.0,0.0
1480298091.039,11.84526,-1.8733979999999999,11.784649999999999,0.0,0.0,0.0,0.0,0.0,0.0,26.0,0.0,0.0,0.0,0.0,100.0,0.0,100.0
1480298091.1470001,17.50817,-2.2031849999999999,11.14133,0.0,0.0,0.0,0.0,0.0,0.0,23.0,0.0,0.0,0.0,0.0,100.0,0.0,100.0
1480298091.302,12.60918,-3.0803449999999999,10.463800000000001,0.0,0.0,0.0,0.0,0.0,0.0,27.0,0.0,0.0,0.0,0.0,100.0,0.0,100.0
1480298091.421,5.202,-3.5372810000000001,11.42863,0.0,0.0,0.0,0.0,0.0,0.0,2.0,0.0,0.0,100.0,0.0,100.0,0.0,100.0
1480298091.5139999,12.223089999999999,-4.5302420000000003,11.992150000000001,0.0,0.0,0.0,0.0,0.0,0.0,16.0,0.0,54.0,28.0,0.0,100.0,0.0,100.0
1480298091.618,3.5393919999999999,-6.2152770000000004,9.9519710000000003,0.0,0.0,0.0,0.0,0.0,100.0,0.0,0.0,0.0,0.0,0.0,0.0,0.0,100.0
1480298091.7539999,3.3178230000000002,-7.5267910000000002,10.014620000000001,0.0,0.0,0.0,0.0,0.0,0.0,0.0,0.0,100.0,0.0,14.0,0.0,0.0,100.0
1480298091.8629999,1.555814,-8.0830059999999992,11.74065,0.0,0.0,0.0,0.0,0.0,0.0,3.0,0.0,0.0,100.0,55.0,0.0,0.0,100.0
1480298091.9820001,0.9789641,-6.035482,11.05368,0.0,0.0,0.0,0.0,0.0,0.0,2.0,0.0,0.0,0.0,0.0,0.0,0.0,100.0
1480298092.0799999,0.62008260000000004,-7.1366259999999997,9.7194289999999999,0.0,0.0,0.0,0.0,0.0,0.0,3.0,0.0,100.0,100.0,0.0,80.0,0.0,100.0
1480298092.1819999,0.66561749999999997,-7.4695770000000001,10.04912,0.0,0.0,0.0,0.0,0.0,0.0,16.0,0.0,90.0,100.0,91.0,0.0,0.0,100.0
1480298092.293,-3.7063519999999999,-9.0984929999999995,5.6242190000000001,0.0,0.0,0.0,0.0,0.0,0.0,0.0,0.0,0.0,100.0,100.0,0.0,0.0,100.0
1480298092.3959999,2.4426380000000001,-7.95641,10.93408,0.0,0.0,0.0,0.0,0.0,0.0,0.0,0.0,0.0,96.0,80.0,0.0,0.0,100.0
1480298092.4990001,-0.01061169,-6.9653530000000003,10.141299999999999,0.0,0.0,0.0,0.0,0.0,0.0,3.0,0.0,0.0,75.0,92.0,0.0,0.0,100.0
1480298092.596,0.82041699999999995,-8.8214100000000002,9.7711170000000003,0.0,0.0,0.0,0.0,0.0,0.0,4.0,0.0,0.0,0.0,31.0,0.0,0.0,100.0
1480298092.694,-2.1037319999999999,-8.4003709999999998,9.8880809999999997,0.0,0.0,0.0,0.0,0.0,0.0,5.0,0.0,0.0,0.0,67.0,0.0,0.0,100.0
1480298092.7909999,-2.1057579999999998,-7.322209,7.3663220000000003,0.0,0.0,0.0,0.0,0.0,0.0,7.0,0.0,0.0,0.0,54.0,0.0,0.0,100.0
1480298092.9649999,-1.6393219999999999,-7.5306509999999998,7.8647539999999996,0.0,0.0,0.0,0.0,0.0,0.0,7.0,0.0,0.0,0.0,54.0,0.0,0.0,100.0
1480298093.089,-0.95244740000000006,-8.4550590000000003,7.2765969999999998,0.0,0.0,0.0,0.0,0.0,0.0,7.0,0.0,0.0,0.0,54.0,0.0,0.0,100.0
1480298093.1919999,-0.1167006,-8.7453219999999998,6.2788560000000002,0.0,0.0,0.0,0.0,0.0,0.0,7.0,0.0,0.0,0.0,54.0,0.0,0.0,100.0
1480298093.3110001,-0.81307969999999996,-8.6851520000000004,4.200107,0.0,0.0,0.0,0.0,0.0,0.0,7.0,0.0,0.0,0.0,54.0,0.0,0.0,100.0
1480298093.4119999,-2.7578809999999998,-7.4081349999999997,2.6514720000000001,0.0,0.0,0.0,0.0,0.0,0.0,7.0,0.0,0.0,0.0,54.0,0.0,0.0,100.0
1480298093.527,-4.0841519999999996,-5.9387549999999996,-0.25715369999999999,0.0,0.0,0.0,0.0,0.0,0.0,0.0,0.0,0.0,0.0,40.0,0.0,100.0,0.0
1480298093.628,-4.2197319999999996,-5.1335040000000003,-0.43478499999999998,0.0,0.0,0.0,0.0,0.0,0.0,0.0,0.0,0.0,0.0,63.0,0.0,0.0,100.0
1480298093.7520001,-4.3909729999999998,-4.4365480000000002,0.82662619999999998,0.0,0.0,0.0,0.0,0.0,0.0,2.0,0.0,0.0,0.0,86.0,0.0,0.0,100.0
1480298093.8529999,-4.7114729999999998,-4.6596929999999999,0.30072900000000002,0.0,0.0,0.0,0.0,0.0,0.0,2.0,0.0,0.0,0.0,0.0,49.0,0.0,100.0
1480298093.961,-2.1964950000000001,-3.075482,2.909894,0.0,0.0,0.0,0.0,0.0,0.0,1.0,0.0,88.0,0.0,65.0,0.0,0.0,100.0
1480298094.0829999,-2.0723150000000001,-2.4624570000000001,4.3688909999999996,0.0,0.0,0.0,0.0,0.0,0.0,4.0,0.0,0.0,0.0,33.0,0.0,0.0,93.0
1480298094.2379999,0.025445229999999999,-1.576039,6.4494189999999998,0.0,0.0,0.0,0.0,0.0,0.0,2.0,0.0,100.0,0.0,20.0,0.0,0.0,78.0
1480298094.4289999,-2.8224330000000002,-1.729114,6.455972,0.0,0.0,0.0,0.0,0.0,0.0,1.0,0.0,0.0,0.0,100.0,0.0,0.0,100.0
1480298094.54,-4.546011,0.17302790000000001,17.003699999999998,0.0,0.0,0.0,0.0,0.0,0.0,0.0,0.0,100.0,0.0,35.0,0.0,39.0,0.0
1480298094.642,-3.924121,-4.0939730000000001,6.9208629999999998,0.0,0.0,0.0,0.0,0.0,0.0,0.0,0.0,0.0,0.0,100.0,0.0,0.0,100.0
1480298094.7420001,-7.9396339999999999,-9.0223239999999993,3.205911,0.0,0.0,0.0,0.0,0.0,0.0,0.0,0.0,0.0,0.0,58.0,0.0,100.0,0.0
1480298094.8570001,-4.0648200000000001,-4.4452670000000003,1.1433439999999999,0.0,0.0,0.0,0.0,0.0,0.0,0.0,0.0,0.0,0.0,100.0,0.0,100.0,0.0
1480298094.9549999,-5.6042969999999999,-9.7691119999999998,1.4704809999999999,0.0,0.0,0.0,0.0,0.0,0.0,0.0,0.0,0.0,0.0,44.0,0.0,100.0,0.0
1480298095.0650001,-6.4263640000000004,-8.3149639999999998,1.6553040000000001,0.0,0.0,0.0,0.0,0.0,0.0,0.0,0.0,0.0,0.0,12.0,0.0,100.0,0.0
1480298095.2609999,-6.9432970000000003,-8.3410919999999997,1.957913,0.0,0.0,0.0,0.0,0.0,0.0,0.0,0.0,0.0,0.0,12.0,0.0,100.0,0.0
1480298095.3699999,-7.2603289999999996,-8.2974490000000003,2.4142359999999998,0.0,0.0,0.0,0.0,0.0,0.0,0.0,0.0,0.0,0.0,12.0,0.0,100.0,0.0
1480298095.474,-7.1034870000000003,-8.0384519999999995,2.699532,0.0,0.0,0.0,0.0,0.0,0.0,0.0,0.0,0.0,0.0,12.0,0.0,100.0,0.0
1480298095.5739999,-7.6549529999999999,-8.017118,2.9526680000000001,0.0,0.0,0.0,0.0,0.0,0.0,0.0,0.0,0.0,0.0,12.0,0.0,100.0,0.0
1480298095.687,-7.7403940000000002,-8.1870209999999997,3.3118439999999998,0.0,0.0,0.0,0.0,0.0,0.0,0.0,0.0,0.0,0.0,12.0,0.0,100.0,0.0
1480298095.7920001,-8.0966570000000004,-8.2454450000000001,1.851621,0.0,0.0,0.0,0.0,0.0,0.0,0.0,0.0,0.0,0.0,100.0,0.0,0.0,100.0
1480298095.9089999,-8.0708819999999992,-8.0839820000000007,1.407594,0.0,0.0,0.0,0.0,0.0,0.0,0.0,0.0,0.0,0.0,100.0,0.0,0.0,100.0
1480298096.0090001,-8.0045800000000007,-7.8832950000000004,3.0435059999999998,0.0,0.0,0.0,0.0,0.0,0.0,0.0,0.0,0.0,0.0,100.0,0.0,0.0,100.0
1480298096.119,-8.0456459999999996,-7.9378060000000001,3.1575989999999998,0.0,0.0,0.0,0.0,0.0,0.0,0.0,0.0,0.0,0.0,100.0,0.0,0.0,100.0
1480298096.25,-8.2457720000000005,-7.8721500000000004,3.2559339999999999,0.0,0.0,0.0,0.0,0.0,0.0,0.0,0.0,0.0,0.0,100.0,0.0,0.0,100.0
1480298096.3740001,-8.4327989999999993,-7.785031,3.7732519999999998,0.0,0.0,0.0,0.0,0.0,0.0,0.0,0.0,0.0,0.0,100.0,0.0,0.0,100.0
1480298096.497,-8.7943110000000004,-7.857145,4.1752330000000004,0.0,0.0,0.0,0.0,0.0,0.0,0.0,0.0,0.0,0.0,100.0,0.0,0.0,100.0
1480298096.6110001,-9.0677690000000002,-7.7949469999999996,3.5530620000000002,0.0,0.0,0.0,0.0,0.0,0.0,0.0,0.0,100.0,100.0,100.0,0.0,11.0,0.0
1480298096.72,-10.851979999999999,-7.5708739999999999,3.178668,0.0,0.0,0.0,0.0,0.0,100.0,0.0,0.0,0.0,100.0,100.0,0.0,0.0,20.0
1480298096.9879999,-9.3331730000000004,-8.2450650000000003,2.7005330000000001,0.0,0.0,0.0,0.0,0.0,100.0,0.0,0.0,0.0,0.0,100.0,0.0,0.0,100.0
1480298097.089,-4.9130339999999997,-5.9475049999999996,4.1417840000000004,0.0,0.0,0.0,0.0,0.0,100.0,13.0,0.0,0.0,0.0,100.0,0.0,100.0,0.0
1480298097.214,-5.655869,-4.1791090000000004,9.5469419999999996,0.0,0.0,0.0,0.0,0.0,100.0,0.0,0.0,0.0,0.0,100.0,0.0,100.0,0.0
1480298097.4189999,-4.9721359999999999,-2.1994349999999998,13.32277,0.0,0.0,0.0,0.0,0.0,100.0,0.0,0.0,0.0,0.0,85.0,0.0,57.0,0.0
1480298097.54,-3.2781760000000002,-4.9962280000000003,13.57277,0.0,0.0,0.0,0.0,0.0,100.0,6.0,0.0,0.0,0.0,0.0,100.0,0.0,100.0
1480298097.6559999,-1.8034429999999999,-5.7724190000000002,12.26384,0.0,0.0,0.0,0.0,0.0,0.0,7.0,0.0,0.0,0.0,16.0,0.0,0.0,100.0
1480298097.7720001,1.113245,-4.1914259999999999,14.74614,0.0,0.0,0.0,0.0,0.0,0.0,4.0,0.0,0.0,0.0,100.0,0.0,0.0,100.0
1480298097.8659999,-11.34088,-3.610163,11.1709,0.0,0.0,0.0,0.0,0.0,0.0,4.0,0.0,16.0,0.0,100.0,0.0,0.0,100.0
1480298097.9649999,-0.49310549999999997,-4.7465529999999996,10.15756,0.0,0.0,0.0,0.0,0.0,0.0,3.0,0.0,0.0,0.0,100.0,0.0,0.0,100.0
1480298098.0639999,-0.030806679999999999,-4.6583909999999999,13.3436,0.0,0.0,0.0,0.0,0.0,0.0,7.0,0.0,0.0,0.0,100.0,0.0,0.0,100.0
1480298098.168,15.01111,-3.1146389999999999,12.03539,0.0,0.0,0.0,0.0,0.0,0.0,28.0,0.0,0.0,0.0,100.0,0.0,0.0,100.0
1480298098.2609999,6.1236069999999998,-3.1674159999999998,16.457139999999999,0.0,0.0,0.0,0.0,0.0,0.0,16.0,0.0,54.0,0.0,100.0,0.0,0.0,100.0
1480298098.3770001,-3.2199650000000002,-5.1494350000000004,12.054819999999999,0.0,0.0,0.0,0.0,0.0,0.0,5.0,0.0,0.0,0.0,100.0,0.0,0.0,100.0
1480298098.4860001,1.4948349999999999,-4.0076159999999996,15.11693,0.0,0.0,0.0,0.0,0.0,0.0,8.0,0.0,0.0,0.0,100.0,0.0,0.0,100.0
1480298098.582,3.7380810000000002,-7.0063469999999999,6.3685580000000002,0.0,0.0,0.0,0.0,0.0,0.0,20.0,0.0,0.0,0.0,0.0,100.0,0.0,41.0
1480298098.6719999,3.29623,-3.3999860000000002,14.92178,0.0,0.0,0.0,0.0,0.0,100.0,7.0,0.0,0.0,93.0,100.0,0.0,0.0,100.0
1480298098.77,-3.6467689999999999,-6.7258909999999998,13.46566,0.0,0.0,0.0,0.0,0.0,0.0,1.0,0.0,100.0,0.0,100.0,0.0,0.0,100.0
1480298098.8610001,-6.6569609999999999,-5.0866740000000004,9.9972820000000002,0.0,0.0,0.0,0.0,0.0,0.0,9.0,0.0,0.0,90.0,100.0,0.0,0.0,100.0
1480298098.9619999,-3.115186,-4.8842270000000001,11.540749999999999,0.0,0.0,0.0,0.0,0.0,0.0,5.0,0.0,0.0,0.0,100.0,0.0,0.0,100.0
1480298099.059,-2.9260540000000002,-7.9724979999999999,19.747309999999999,0.0,0.0,0.0,0.0,0.0,0.0,0.0,0.0,100.0,0.0,0.0,96.0,0.0,100.0
1480298099.1489999,-5.8789170000000004,-4.6547580000000002,11.912990000000001,0.0,0.0,0.0,0.0,0.0,100.0,2.0,0.0,100.0,0.0,100.0,0.0,0.0,100.0
1480298099.2739999,11.091989999999999,-4.7298499999999999,12.323169999999999,0.0,0.0,0.0,0.0,0.0,0.0,22.0,0.0,0.0,0.0,48.0,0.0,0.0,100.0
1480298099.414,-8.4823149999999998,-4.4090499999999997,11.649520000000001,0.0,0.0,0.0,0.0,0.0,0.0,2.0,0.0,0.0,0.0,73.0,0.0,0.0,100.0
1480298099.5450001,4.447279,-4.4982110000000004,12.679320000000001,0.0,0.0,0.0,0.0,0.0,0.0,8.0,0.0,7.0,100.0,0.0,100.0,0.0,100.0
1480298099.668,3.9094869999999999,-4.467079,15.26585,0.0,0.0,0.0,0.0,0.0,100.0,5.0,0.0,0.0,0.0,0.0,28.0,0.0,100.0
1480298099.7809999,2.8538209999999999,-3.8753790000000001,12.681609999999999,0.0,0.0,0.0,0.0,0.0,100.0,7.0,0.0,0.0,0.0,0.0,14.0,0.0,100.0
1480298099.9189999,-8.7078509999999998,-3.994005,9.3345109999999991,0.0,0.0,0.0,0.0,0.0,0.0,1.0,0.0,100.0,0.0,21.0,0.0,0.0,100.0
1480298100.0420001,-13.313890000000001,-2.6626530000000002,16.311869999999999,0.0,0.0,0.0,0.0,0.0,0.0,7.0,0.0,0.0,0.0,0.0,0.0,0.0,100.0
1480298100.1630001,9.2453869999999991,-2.6204809999999998,11.39991,0.0,0.0,0.0,0.0,0.0,0.0,9.0,0.0,0.0,5.0,100.0,0.0,0.0,100.0
1480298100.313,11.228490000000001,-0.1315471,14.48995,0.0,0.0,0.0,0.0,0.0,0.0,25.0,0.0,0.0,0.0,0.0,0.0,0.0,55.0
1480298100.5450001,9.2068910000000006,-3.2270379999999999,11.472989999999999,0.0,0.0,0.0,0.0,0.0,0.0,28.0,0.0,100.0,0.0,88.0,0.0,0.0,100.0
1480298100.701,10.75855,-2.55952,12.54635,0.0,0.0,0.0,0.0,0.0,100.0,10.0,0.0,0.0,0.0,100.0,0.0,0.0,100.0
1480298100.8380001,14.154339999999999,-9.1134470000000007,7.6802359999999998,0.0,0.0,0.0,0.0,0.0,0.0,17.0,0.0,100.0,84.0,100.0,0.0,0.0,100.0
1480298100.9749999,4.421062,-9.0516240000000003,14.63897,0.0,0.0,0.0,0.0,0.0,0.0,10.0,0.0,32.0,0.0,0.0,30.0,0.0,100.0
1480298101.089,0.57239839999999997,-7.4179300000000001,9.3811579999999992,0.0,0.0,0.0,0.0,0.0,0.0,13.0,0.0,0.0,0.0,0.0,19.0,0.0,100.0
1480298101.211,10.433450000000001,-3.4701970000000002,11.44491,0.0,0.0,0.0,0.0,0.0,0.0,0.0,0.0,0.0,0.0,0.0,53.0,0.0,100.0
1480298101.326,-1.8948039999999999,-4.7380779999999998,7.1815470000000001,0.0,0.0,0.0,0.0,0.0,0.0,3.0,0.0,0.0,0.0,0.0,12.0,0.0,100.0
1480298101.4719999,-5.4234369999999998,-4.7712700000000003,7.8891780000000002,0.0,0.0,0.0,0.0,0.0,0.0,0.0,0.0,0.0,0.0,0.0,21.0,0.0,100.0
1480298101.6159999,1.751992,-8.6285609999999995,9.7723080000000007,0.0,0.0,0.0,0.0,0.0,0.0,9.0,0.0,0.0,0.0,75.0,0.0,0.0,100.0
1480298101.766,-5.0133289999999997,-4.8872400000000003,7.9931570000000001,0.0,0.0,0.0,0.0,0.0,0.0,0.0,0.0,99.0,0.0,0.0,15.0,0.0,100.0
1480298101.892,-6.9146830000000001,-6.7953950000000001,5.8606350000000003,0.0,0.0,0.0,0.0,0.0,0.0,0.0,0.0,0.0,0.0,100.0,0.0,0.0,100.0
1480298102.013,0.96727560000000001,-6.6457980000000001,9.8782499999999995,0.0,0.0,0.0,0.0,0.0,0.0,8.0,0.0,100.0,0.0,50.0,0.0,0.0,100.0
1480298102.1389999,-0.5727624,-7.4857339999999999,8.6342929999999996,0.0,0.0,0.0,0.0,0.0,0.0,11.0,0.0,0.0,0.0,59.0,0.0,0.0,100.0
1480298102.263,1.142792,-5.4723110000000004,9.8499660000000002,0.0,0.0,0.0,0.0,0.0,100.0,3.0,0.0,100.0,0.0,64.0,0.0,0.0,100.0
1480298102.3829999,0.47828569999999998,-5.5618569999999998,9.9815050000000003,0.0,0.0,0.0,0.0,0.0,0.0,4.0,0.0,100.0,0.0,100.0,0.0,0.0,100.0
1480298102.5239999,1.5328219999999999,-3.8871289999999998,12.06818,0.0,0.0,0.0,0.0,0.0,0.0,1.0,0.0,0.0,0.0,100.0,0.0,100.0,0.0
1480298102.6489999,0.16188540000000001,-6.1420300000000001,9.8842400000000001,0.0,0.0,0.0,0.0,0.0,100.0,3.0,0.0,0.0,0.0,100.0,0.0,0.0,100.0
1480298102.7880001,0.36339149999999998,-5.5079289999999999,9.0584830000000007,0.0,0.0,0.0,0.0,0.0,0.0,5.0,0.0,25.0,0.0,100.0,0.0,0.0,100.0
1480298102.9389999,0.53773870000000001,-6.3077560000000004,11.34581,0.0,0.0,0.0,0.0,0.0,0.0,0.0,0.0,32.0,0.0,85.0,0.0,0.0,100.0
1480298103.0769999,-3.1066889999999998,-7.4063999999999997,10.40667,0.0,0.0,0.0,0.0,0.0,0.0,6.0,0.0,0.0,0.0,100.0,0.0,0.0,100.0
1480298103.2320001,3.8287719999999998,-4.9517340000000001,7.040381,0.0,0.0,0.0,0.0,0.0,0.0,3.0,0.0,7.0,0.0,96.0,0.0,0.0,100.0
1480298103.47,-0.28195930000000002,-5.1156280000000001,8.6973369999999992,0.0,0.0,0.0,0.0,0.0,0.0,7.0,0.0,100.0,0.0,100.0,0.0,0.0,100.0
1480298103.6229999,2.467371,-2.8503069999999999,11.821260000000001,0.0,0.0,0.0,0.0,0.0,100.0,3.0,0.0,100.0,0.0,32.0,0.0,0.0,20.0
1480298103.79,8.2652429999999999,-2.1069330000000002,10.28628,0.0,0.0,0.0,0.0,0.0,0.0,16.0,0.0,62.0,0.0,11.0,0.0,0.0,17.0
1480298103.9119999,5.631329,-10.75212,11.17534,0.0,0.0,0.0,0.0,0.0,0.0,3.0,0.0,0.0,0.0,100.0,0.0,0.0,100.0
1480298104.0469999,6.8194189999999999,-6.1006679999999998,14.636839999999999,0.0,0.0,0.0,0.0,0.0,0.0,13.0,0.0,0.0,0.0,0.0,21.0,65.0,0.0
1480298104.198,2.3757519999999999,-4.8109209999999996,13.90132,0.0,0.0,0.0,0.0,0.0,0.0,12.0,0.0,0.0,0.0,100.0,0.0,0.0,100.0
1480298104.322,-6.1521100000000004,-1.0496030000000001,11.09177,0.0,0.0,0.0,0.0,0.0,0.0,7.0,0.0,0.0,100.0,100.0,0.0,0.0,100.0
1480298104.4430001,-3.6897700000000002,-4.9676830000000001,-0.56688609999999995,0.0,0.0,0.0,0.0,0.0,0.0,0.0,0.0,100.0,0.0,100.0,0.0,0.0,100.0
1480298104.5580001,-4.8519860000000001,-2.57056,10.56451,0.0,0.0,0.0,0.0,0.0,0.0,0.0,0.0,0.0,0.0,32.0,0.0,100.0,0.0
1480298104.688,-9.4899839999999998,-6.7028309999999998,3.4642300000000001,0.0,0.0,0.0,0.0,0.0,0.0,1.0,0.0,0.0,0.0,100.0,0.0,0.0,100.0
1480298104.8210001,-2.9372500000000001,-6.032527,-1.148666,0.0,0.0,0.0,0.0,0.0,0.0,0.0,0.0,0.0,0.0,100.0,0.0,0.0,100.0
1480298104.9489999,-10.668189999999999,-8.2869329999999994,8.2174779999999998,0.0,0.0,0.0,0.0,0.0,0.0,0.0,0.0,0.0,0.0,100.0,0.0,0.0,100.0
1480298105.079,-9.9894580000000008,-13.950570000000001,-5.1270280000000001,0.0,0.0,0.0,0.0,0.0,0.0,4.0,0.0,100.0,0.0,100.0,0.0,0.0,100.0
1480298105.2869999,-11.233269999999999,-14.28763,-5.4561549999999999,0.0,0.0,0.0,0.0,0.0,0.0,4.0,0.0,100.0,0.0,100.0,0.0,0.0,100.0
1480298105.4030001,-11.63795,-15.427339999999999,-3.6109119999999999,0.0,0.0,0.0,0.0,0.0,0.0,4.0,0.0,100.0,0.0,100.0,0.0,0.0,100.0
1480298105.5880001,-9.6516830000000002,-16.36628,-3.1921140000000001,0.0,0.0,0.0,0.0,0.0,0.0,4.0,0.0,100.0,0.0,100.0,0.0,0.0,100.0
1480298105.7679999,-9.8289030000000004,-16.685009999999998,-1.832093,0.0,0.0,0.0,0.0,0.0,0.0,4.0,0.0,100.0,0.0,100.0,0.0,0.0,100.0
1480298105.9159999,-10.907170000000001,-16.469529999999999,-1.368849,0.0,0.0,0.0,0.0,0.0,0.0,4.0,0.0,100.0,0.0,100.0,0.0,0.0,100.0
1480298106.0450001,-11.4781,-16.873670000000001,-1.442334,0.0,0.0,0.0,0.0,0.0,0.0,4.0,0.0,100.0,0.0,100.0,0.0,0.0,100.0
1480298106.1900001,-11.00351,-16.923079999999999,-1.8704510000000001,0.0,0.0,0.0,0.0,0.0,0.0,4.0,0.0,100.0,0.0,100.0,0.0,0.0,100.0
1480298106.329,-11.332689999999999,-16.615680000000001,-1.7018,0.0,0.0,0.0,0.0,0.0,0.0,4.0,0.0,100.0,0.0,100.0,0.0,0.0,100.0
1480298106.516,-11.97139,-17.122489999999999,-1.757482,0.0,0.0,0.0,0.0,0.0,0.0,4.0,0.0,100.0,0.0,100.0,0.0,0.0,100.0
1480298106.638,-10.169980000000001,-20.348549999999999,0.14776120000000001,0.0,0.0,0.0,0.0,0.0,0.0,4.0,0.0,100.0,0.0,100.0,0.0,0.0,100.0
1480298106.7620001,-7.074039,-30.923390000000001,-2.3866749999999999,0.0,0.0,0.0,0.0,0.0,0.0,4.0,0.0,100.0,0.0,100.0,0.0,0.0,100.0
1480298106.9089999,-25.304359999999999,-11.623139999999999,-53.185859999999998,0.0,0.0,0.0,40.0,0.0,0.0,0.0,0.0,100.0,100.0,100.0,0.0,0.0,100.0
1480298107.108,-4.5231719999999997,-11.661440000000001,-2.3357070000000002,0.0,0.0,0.0,0.0,52.0,0.0,6.0,0.0,0.0,0.0,100.0,0.0,0.0,100.0
1480298107.2390001,-15.396750000000001,-12.691890000000001,-0.313803,0.0,0.0,40.0,0.0,0.0,0.0,0.0,0.0,0.0,0.0,100.0,0.0,0.0,88.0
1480298107.339,-16.741969999999998,-11.508609999999999,-0.73631429999999998,0.0,0.0,80.0,0.0,17.0,0.0,0.0,0.0,13.0,0.0,100.0,0.0,0.0,100.0
1480298107.473,-15.052949999999999,-11.418509999999999,-1.591145,0.0,0.0,40.0,0.0,25.0,0.0,0.0,0.0,64.0,100.0,100.0,0.0,0.0,100.0
1480298107.586,-9.9293929999999992,-5.8599610000000002,1.6315999999999999,0.0,0.0,0.0,0.0,0.0,0.0,0.0,0.0,0.0,0.0,100.0,0.0,0.0,100.0
1480298107.7,-8.5288170000000001,-6.9230169999999998,1.1000460000000001,0.0,0.0,0.0,0.0,0.0,0.0,0.0,0.0,71.0,0.0,86.0,0.0,0.0,100.0
1480298107.839,-9.6933009999999999,-9.0996059999999996,3.9104390000000002,0.0,0.0,0.0,0.0,0.0,0.0,1.0,0.0,100.0,0.0,58.0,0.0,0.0,100.0
1480298107.961,-10.140840000000001,-9.6667539999999992,3.5149840000000001,0.0,0.0,0.0,0.0,0.0,0.0,0.0,0.0,0.0,0.0,0.0,0.0,0.0,100.0
1480298108.0880001,1.279244,-11.71269,5.7861010000000004,0.0,0.0,0.0,0.0,0.0,0.0,7.0,0.0,0.0,0.0,0.0,49.0,0.0,100.0
1480298108.1960001,-0.034461239999999997,-9.5510680000000008,12.195919999999999,0.0,0.0,0.0,0.0,0.0,0.0,10.0,0.0,0.0,0.0,31.0,0.0,0.0,100.0
1480298108.3210001,-4.7548719999999998,-5.9668659999999996,2.2023619999999999,0.0,0.0,0.0,0.0,0.0,0.0,0.0,0.0,0.0,0.0,29.0,0.0,0.0,100.0
1480298108.4330001,-6.2117310000000003,-7.0121789999999997,4.096247,0.0,0.0,0.0,0.0,0.0,0.0,0.0,0.0,0.0,0.0,19.0,0.0,0.0,100.0
1480298108.54,-5.7435450000000001,-6.6547299999999998,3.1188340000000001,0.0,0.0,0.0,0.0,0.0,0.0,0.0,0.0,0.0,0.0,91.0,0.0,0.0,100.0
1480298108.6359999,-3.1981959999999998,-7.0391180000000002,10.53064,0.0,0.0,0.0,0.0,0.0,0.0,0.0,0.0,0.0,0.0,100.0,0.0,0.0,100.0
1480298108.7509999,-5.8663949999999998,-7.4074980000000004,8.8306529999999999,0.0,0.0,0.0,0.0,0.0,0.0,0.0,0.0,0.0,0.0,100.0,0.0,0.0,100.0
1480298108.8629999,-2.004731,-7.0428930000000003,3.5552160000000002,0.0,0.0,0.0,0.0,0.0,0.0,1.0,0.0,0.0,0.0,100.0,0.0,0.0,100.0
1480298108.97,-2.682655,-7.2404729999999997,7.4765579999999998,0.0,0.0,0.0,0.0,0.0,0.0,3.0,0.0,0.0,90.0,100.0,0.0,0.0,100.0
1480298109.075,2.4795880000000001,-5.4742990000000002,4.6777220000000002,0.0,0.0,0.0,0.0,0.0,0.0,0.0,0.0,0.0,56.0,100.0,0.0,100.0,0.0
1480298109.21,0.52322950000000001,-4.219341,4.8099689999999997,0.0,0.0,0.0,0.0,0.0,0.0,1.0,0.0,0.0,18.0,100.0,0.0,100.0,0.0
1480298109.319,-0.71041980000000005,-6.1811220000000002,7.9034810000000002,0.0,0.0,0.0,0.0,0.0,0.0,1.0,0.0,0.0,0.0,100.0,0.0,100.0,0.0
1480298109.4960001,2.0288409999999999,-5.9039630000000001,8.410012,0.0,0.0,0.0,0.0,0.0,0.0,4.0,0.0,0.0,0.0,100.0,0.0,100.0,0.0
1480298109.6040001,-3.9968490000000001,-6.2629489999999999,8.9500679999999999,0.0,0.0,0.0,0.0,0.0,0.0,0.0,0.0,0.0,0.0,100.0,0.0,100.0,0.0
1480298109.7550001,1.217697,-6.2475120000000004,4.4892399999999997,0.0,0.0,0.0,0.0,0.0,0.0,2.0,0.0,0.0,0.0,100.0,0.0,0.0,57.0
1480298109.9159999,-5.2342110000000002,-3.8856989999999998,7.8486399999999996,0.0,0.0,0.0,0.0,0.0,0.0,0.0,0.0,0.0,0.0,100.0,0.0,100.0,0.0
1480298110.0220001,-1.0831599999999999,-12.63288,-0.24574190000000001,0.0,0.0,0.0,0.0,0.0,0.0,1.0,0.0,0.0,0.0,100.0,0.0,0.0,11.0
1480298110.132,-2.0320230000000001,-6.5289000000000001,-6.2501369999999996,0.0,0.0,0.0,0.0,0.0,0.0,3.0,0.0,0.0,0.0,100.0,0.0,100.0,0.0
1480298110.2539999,-2.8597399999999999,-0.065208340000000004,4.2307399999999999,0.0,0.0,0.0,0.0,0.0,0.0,2.0,0.0,0.0,0.0,100.0,0.0,77.0,0.0
1480298110.355,-6.9240469999999998,1.09887,4.7508499999999998,0.0,0.0,0.0,0.0,0.0,0.0,1.0,0.0,0.0,0.0,100.0,0.0,39.0,0.0
1480298110.454,-6.0268509999999997,-1.694728,4.4861300000000002,0.0,0.0,0.0,0.0,0.0,0.0,2.0,0.0,0.0,0.0,100.0,0.0,93.0,0.0
1480298110.5539999,-7.8164319999999998,0.51719269999999995,-5.1649479999999999,0.0,0.0,0.0,0.0,0.0,0.0,5.0,0.0,0.0,0.0,100.0,0.0,89.0,0.0
1480298110.6570001,0.94237420000000005,-0.26424690000000001,0.91252800000000001,0.0,0.0,0.0,0.0,0.0,0.0,0.0,0.0,0.0,0.0,100.0,0.0,100.0,0.0
1480298110.767,-2.9898169999999999,-3.6262449999999999,4.1863549999999998,0.0,0.0,0.0,0.0,0.0,0.0,5.0,0.0,0.0,0.0,100.0,0.0,33.0,0.0
1480298110.875,-0.7150685,1.257911,9.1138659999999998,0.0,0.0,0.0,0.0,0.0,0.0,7.0,0.0,0.0,0.0,0.0,22.0,100.0,0.0
1480298110.973,-2.8074020000000002,-2.896601,6.8105469999999997,0.0,0.0,0.0,0.0,0.0,0.0,2.0,0.0,100.0,0.0,100.0,0.0,0.0,100.0
1480298111.073,0.46075349999999998,-6.6049879999999996,4.0644169999999997,0.0,0.0,0.0,0.0,0.0,0.0,3.0,0.0,0.0,0.0,100.0,0.0,0.0,100.0
1480298111.188,0.02181899,-1.914936,7.8600690000000002,0.0,0.0,0.0,0.0,0.0,0.0,6.0,0.0,100.0,0.0,100.0,0.0,0.0,100.0
1480298111.299,-4.9943200000000001,-1.942844,6.353224,0.0,0.0,0.0,0.0,0.0,0.0,8.0,0.0,0.0,0.0,100.0,0.0,0.0,90.0
1480298111.4000001,7.655456,-0.42887140000000001,8.3291509999999995,0.0,0.0,0.0,0.0,0.0,0.0,5.0,0.0,0.0,0.0,84.0,0.0,0.0,27.0
1480298111.5050001,-1.6843939999999999,-3.3880270000000001,9.5059590000000007,0.0,0.0,0.0,0.0,0.0,0.0,4.0,0.0,0.0,0.0,0.0,70.0,0.0,100.0
1480298111.6010001,1.272775,-4.3551339999999996,7.9527159999999997,0.0,0.0,0.0,0.0,0.0,0.0,20.0,0.0,0.0,0.0,100.0,0.0,0.0,32.0
1480298111.71,-1.4117310000000001,-0.98780780000000001,9.417783,0.0,0.0,0.0,0.0,0.0,0.0,0.0,0.0,100.0,0.0,100.0,0.0,100.0,0.0
1480298111.823,-1.0135419999999999,-1.3044100000000001,9.5540769999999995,0.0,0.0,0.0,0.0,0.0,0.0,6.0,0.0,0.0,0.0,56.0,0.0,0.0,100.0
1480298111.9400001,3.3744519999999998,-2.1803050000000002,10.36734,0.0,0.0,0.0,0.0,0.0,0.0,3.0,0.0,0.0,0.0,100.0,0.0,0.0,100.0
1480298112.0450001,-8.2167879999999993,-0.95025870000000001,9.7758339999999997,0.0,0.0,0.0,0.0,0.0,0.0,0.0,0.0,0.0,0.0,78.0,0.0,100.0,0.0
1480298112.1570001,-13.826409999999999,-0.25321389999999999,7.7477720000000003,0.0,0.0,0.0,0.0,0.0,0.0,0.0,0.0,0.0,0.0,83.0,0.0,100.0,0.0
1480298112.273,-3.5706030000000002,3.6111529999999998,8.4579129999999996,0.0,0.0,0.0,0.0,0.0,0.0,0.0,0.0,0.0,0.0,21.0,0.0,100.0,0.0
1480298112.4100001,1.6596139999999999,-0.13651569999999999,8.1371020000000005,0.0,0.0,0.0,0.0,0.0,0.0,0.0,0.0,100.0,0.0,41.0,0.0,21.0,0.0
1480298112.6040001,-11.84211,-1.361926,13.20797,0.0,0.0,0.0,0.0,0.0,0.0,0.0,0.0,100.0,0.0,22.0,0.0,100.0,0.0
1480298112.7079999,-8.0042600000000004,-1.5330809999999999,11.242150000000001,0.0,0.0,0.0,0.0,0.0,0.0,0.0,0.0,100.0,0.0,35.0,0.0,61.0,0.0
1480298112.803,-6.6648300000000003,-0.2689069,10.44289,0.0,0.0,0.0,0.0,0.0,0.0,0.0,0.0,100.0,0.0,59.0,0.0,100.0,0.0
1480298112.901,-4.7910219999999999,-0.70427720000000005,12.11739,0.0,0.0,0.0,0.0,0.0,0.0,0.0,0.0,100.0,0.0,32.0,0.0,100.0,0.0
1480298112.9960001,5.3338950000000001,-0.44822430000000002,12.2493,0.0,0.0,0.0,0.0,0.0,0.0,0.0,0.0,100.0,0.0,26.0,0.0,91.0,0.0
1480298113.098,-3.6582140000000001,-0.41236519999999999,13.13205,0.0,0.0,0.0,0.0,0.0,0.0,0.0,0.0,100.0,0.0,22.0,0.0,96.0,0.0
1480298113.197,-4.4452970000000001,-0.46502130000000003,12.728389999999999,0.0,0.0,0.0,0.0,0.0,0.0,0.0,0.0,100.0,0.0,24.0,0.0,93.0,0.0
1480298113.349,-5.896674,-0.42481180000000002,12.330260000000001,0.0,0.0,0.0,0.0,0.0,0.0,2.0,0.0,100.0,0.0,31.0,0.0,39.0,0.0
1480298113.5050001,-9.0134299999999996,0.58971419999999997,9.3756719999999998,0.0,0.0,0.0,0.0,0.0,0.0,0.0,0.0,93.0,0.0,33.0,0.0,100.0,0.0
1480298113.651,-10.66222,0.72765570000000002,10.199490000000001,0.0,0.0,0.0,0.0,0.0,0.0,0.0,0.0,100.0,0.0,75.0,0.0,60.0,0.0
1480298113.7539999,-9.9499829999999996,3.9381590000000002,13.968769999999999,0.0,0.0,0.0,0.0,0.0,0.0,0.0,0.0,0.0,0.0,26.0,0.0,0.0,45.0
1480298113.8610001,-10.168329999999999,3.4693299999999998,10.6248,0.0,0.0,0.0,0.0,0.0,0.0,3.0,0.0,0.0,100.0,100.0,0.0,0.0,27.0
1480298113.967,3.5005850000000001,3.674191,17.014479999999999,0.0,0.0,0.0,0.0,0.0,0.0,0.0,0.0,0.0,0.0,100.0,0.0,14.0,0.0
1480298114.138,-3.9883500000000001,4.5915489999999997,16.951789999999999,0.0,0.0,0.0,0.0,0.0,0.0,0.0,0.0,0.0,0.0,100.0,0.0,97.0,0.0
1480298114.2980001,2.2199140000000002,4.1328579999999997,16.310300000000002,0.0,0.0,0.0,0.0,0.0,0.0,3.0,0.0,0.0,0.0,44.0,0.0,0.0,100.0
1480298114.4719999,10.73155,-5.1212010000000001,10.94538,0.0,0.0,0.0,0.0,0.0,0.0,6.0,0.0,0.0,0.0,100.0,0.0,0.0,100.0
1480298114.6470001,11.47207,-3.9390719999999999,10.39883,0.0,0.0,0.0,0.0,0.0,0.0,12.0,0.0,0.0,0.0,100.0,0.0,0.0,81.0
1480298114.8239999,7.3444770000000004,-1.8652420000000001,11.798410000000001,0.0,0.0,0.0,0.0,0.0,0.0,5.0,0.0,100.0,0.0,100.0,0.0,54.0,0.0
1480298114.997,1.2912170000000001,-2.9504790000000001,-2.6805669999999999,0.0,0.0,0.0,0.0,0.0,0.0,4.0,0.0,50.0,0.0,100.0,0.0,0.0,92.0
1480298115.154,0.1961804,3.6860110000000001,1.5409900000000001,0.0,0.0,0.0,0.0,0.0,0.0,7.0,0.0,0.0,0.0,100.0,0.0,0.0,100.0
1480298115.3280001,10.71233,-1.3965510000000001,12.648899999999999,0.0,0.0,0.0,0.0,0.0,0.0,8.0,0.0,0.0,0.0,100.0,0.0,42.0,0.0
1480298115.559,9.3453079999999993,2.6309580000000001,12.865130000000001,0.0,0.0,0.0,0.0,0.0,0.0,11.0,0.0,0.0,0.0,100.0,0.0,77.0,0.0
1480298115.734,9.8529009999999992,4.0520849999999999,13.566929999999999,0.0,0.0,0.0,0.0,0.0,0.0,1.0,0.0,0.0,0.0,100.0,0.0,0.0,71.0
1480298115.8959999,6.2523200000000001,6.2135410000000002,18.998249999999999,0.0,0.0,0.0,0.0,0.0,0.0,4.0,0.0,0.0,0.0,100.0,0.0,100.0,0.0
1480298116.066,14.41699,6.317774,14.876989999999999,0.0,0.0,0.0,0.0,0.0,0.0,8.0,0.0,0.0,100.0,30.0,0.0,0.0,100.0
1480298116.243,10.19233,-7.2501030000000002,15.551830000000001,0.0,0.0,0.0,0.0,0.0,0.0,15.0,0.0,100.0,100.0,49.0,0.0,0.0,100.0
1480298116.5,2.3074029999999999,-17.014980000000001,-15.38832,0.0,0.0,0.0,0.0,0.0,0.0,15.0,0.0,100.0,100.0,49.0,0.0,0.0,100.0
1480298116.7,-35.710560000000001,-12.8124,-9.7482369999999996,0.0,0.0,0.0,0.0,0.0,0.0,15.0,0.0,100.0,100.0,49.0,0.0,0.0,100.0
1480298116.888,-38.136220000000002,-9.2414819999999995,-17.97636,0.0,0.0,0.0,0.0,0.0,0.0,15.0,0.0,100.0,100.0,49.0,0.0,0.0,100.0
1480298117.0699999,-37.121929999999999,-10.071999999999999,-15.691140000000001,0.0,0.0,0.0,0.0,0.0,0.0,15.0,0.0,100.0,100.0,49.0,0.0,0.0,100.0
1480298117.273,-37.618830000000003,-8.0680610000000001,-18.347999999999999,0.0,0.0,0.0,0.0,0.0,0.0,15.0,0.0,100.0,100.0,49.0,0.0,0.0,100.0
1480298117.4679999,-37.474170000000001,-8.8549880000000005,-17.138950000000001,0.0,0.0,0.0,0.0,0.0,0.0,15.0,0.0,100.0,100.0,49.0,0.0,0.0,100.0
1480298117.668,-37.922879999999999,-6.9139280000000003,-21.057880000000001,0.0,0.0,0.0,0.0,0.0,0.0,15.0,0.0,100.0,100.0,49.0,0.0,0.0,100.0
1480298117.865,0.0,0.0,0.0,0.0,0.0,0.0,0.0,0.0,0.0,15.0,0.0,100.0,100.0,49.0,0.0,0.0,100.0
1480298118.0680001,2.6193230000000001,-5.4859660000000003,9.4120050000000006,0.0,0.0,0.0,0.0,0.0,0.0,3.0,0.0,0.0,0.0,100.0,0.0,0.0,100.0
1480298118.2460001,0.0,0.0,0.0,0.0,0.0,0.0,0.0,0.0,0.0,3.0,0.0,0.0,0.0,100.0,0.0,0.0,100.0
1480298118.447,0.0,0.0,0.0,0.0,0.0,0.0,0.0,0.0,0.0,3.0,0.0,0.0,0.0,100.0,0.0,0.0,100.0
1480298118.7,0.0,0.0,0.0,0.0,0.0,0.0,0.0,0.0,0.0,3.0,0.0,0.0,0.0,100.0,0.0,0.0,100.0
1480298118.901,0.0,0.0,0.0,0.0,0.0,0.0,0.0,0.0,0.0,3.0,0.0,0.0,0.0,100.0,0.0,0.0,100.0
1480298119.0780001,0.0,0.0,0.0,0.0,0.0,0.0,0.0,0.0,0.0,3.0,0.0,0.0,0.0,100.0,0.0,0.0,100.0
1480298119.2679999,-21.416149999999998,-8.3916850000000007,-2.8935279999999999,0.0,0.0,0.0,0.0,100.0,0.0,4.0,0.0,100.0,0.0,0.0,100.0,0.0,100.0
1480298119.4489999,-18.354710000000001,-7.8622209999999999,-4.1345590000000003,0.0,0.0,0.0,0.0,74.0,0.0,1.0,0.0,100.0,0.0,0.0,100.0,0.0,100.0
1480298119.632,-16.484950000000001,-5.4062029999999996,-5.0099640000000001,0.0,0.0,0.0,0.0,57.0,0.0,0.0,0.0,0.0,54.0,100.0,0.0,0.0,100.0
1480298119.8199999,-14.355359999999999,-6.8954319999999996,0.18538540000000001,0.0,0.0,0.0,0.0,55.0,0.0,0.0,0.0,67.0,100.0,100.0,0.0,0.0,100.0
1480298120.02,-14.304930000000001,-5.538678,1.8366089999999999,0.0,0.0,0.0,0.0,34.0,0.0,3.0,0.0,100.0,100.0,100.0,0.0,0.0,100.0
1480298120.1989999,-17.598240000000001,-5.6454250000000004,-4.5107039999999996,0.0,0.0,0.0,0.0,4.0,0.0,0.0,0.0,100.0,100.0,100.0,0.0,0.0,100.0
1480298120.3710001,-14.180960000000001,-8.2988549999999996,-2.7174339999999999,0.0,0.0,0.0,0.0,24.0,0.0,1.0,0.0,100.0,0.0,100.0,0.0,0.0,100.0
1480298120.5439999,-11.14927,-7.5932339999999998,0.43767850000000003,0.0,0.0,0.0,0.0,8.0,0.0,0.0,0.0,100.0,0.0,100.0,0.0,0.0,100.0
1480298120.7090001,-16.774609999999999,-6.170382,-0.13453000000000001,0.0,0.0,0.0,0.0,52.0,0.0,1.0,0.0,100.0,100.0,100.0,0.0,0.0,100.0
1480298120.885,1.914561,-4.7723789999999999,4.0098820000000002,0.0,0.0,0.0,0.0,0.0,0.0,0.0,0.0,80.0,32.0,100.0,0.0,0.0,100.0
1480298121.0710001,-4.3978479999999998,-6.2837449999999997,1.16092,0.0,0.0,0.0,0.0,22.0,0.0,12.0,0.0,100.0,0.0,100.0,0.0,0.0,100.0
1480298121.223,-12.391859999999999,-8.0806590000000007,-4.7333319999999999,0.0,0.0,0.0,0.0,6.0,0.0,10.0,0.0,100.0,56.0,100.0,0.0,0.0,100.0
1480298121.392,-2.0685449999999999,-3.1820740000000001,4.2388430000000001,0.0,0.0,0.0,0.0,18.0,0.0,0.0,0.0,0.0,0.0,100.0,0.0,0.0,100.0
1480298121.619,-1.607909,-1.269361,8.3929410000000004,0.0,0.0,0.0,0.0,0.0,0.0,0.0,0.0,0.0,0.0,98.0,0.0,100.0,0.0
1480298121.789,-8.3777749999999997,-0.33926489999999998,2.6257860000000002,0.0,0.0,0.0,0.0,0.0,0.0,0.0,0.0,0.0,0.0,100.0,0.0,100.0,0.0
1480298121.9649999,-5.8728899999999999,-1.626995,4.4119419999999998,0.0,0.0,0.0,0.0,0.0,0.0,2.0,0.0,0.0,0.0,68.0,0.0,0.0,100.0
1480298122.1400001,1.057248,-0.99892479999999995,-2.3709099999999999,0.0,0.0,0.0,0.0,0.0,0.0,0.0,0.0,0.0,0.0,59.0,0.0,100.0,0.0
1480298122.2950001,-22.312719999999999,-3.829088,-3.5808819999999999,0.0,0.0,0.0,0.0,0.0,0.0,0.0,0.0,0.0,0.0,100.0,0.0,0.0,100.0
1480298122.454,-7.6372359999999997,-4.6665929999999998,9.3819359999999996,0.0,0.0,0.0,0.0,0.0,0.0,0.0,0.0,0.0,0.0,38.0,0.0,0.0,100.0
1480298122.6229999,-4.772977,-1.3552310000000001,12.73367,0.0,0.0,0.0,0.0,0.0,0.0,0.0,0.0,0.0,0.0,89.0,0.0,0.0,100.0
1480298122.783,-13.88134,2.8506819999999999,9.9116879999999998,0.0,0.0,0.0,0.0,0.0,0.0,1.0,0.0,0.0,0.0,100.0,0.0,100.0,0.0
1480298123.052,-14.896570000000001,5.5144820000000001,13.05447,0.0,0.0,0.0,0.0,0.0,0.0,1.0,0.0,0.0,0.0,100.0,0.0,100.0,0.0
1480298123.2260001,-17.571280000000002,4.9672790000000004,13.241020000000001,0.0,0.0,0.0,0.0,0.0,0.0,1.0,0.0,0.0,0.0,100.0,0.0,100.0,0.0
1480298123.4030001,-18.197959999999998,2.5597259999999999,11.30958,0.0,0.0,0.0,0.0,0.0,0.0,1.0,0.0,0.0,0.0,100.0,0.0,100.0,0.0
1480298123.5710001,-17.99485,3.2173250000000002,10.88987,0.0,0.0,0.0,0.0,0.0,0.0,1.0,0.0,0.0,0.0,100.0,0.0,100.0,0.0
1480298123.74,-17.066610000000001,4.5909709999999997,10.997159999999999,0.0,0.0,0.0,0.0,0.0,0.0,1.0,0.0,0.0,0.0,100.0,0.0,100.0,0.0
1480298123.9289999,-15.934839999999999,3.0290309999999998,8.889443,0.0,0.0,0.0,0.0,29.0,0.0,1.0,0.0,100.0,100.0,100.0,0.0,0.0,100.0
1480298124.112,-13.6295,2.2939569999999998,7.6528400000000003,0.0,0.0,0.0,0.0,90.0,0.0,1.0,0.0,100.0,100.0,100.0,0.0,0.0,100.0
1480298124.289,-15.13461,0.96466609999999997,6.1333690000000001,0.0,0.0,0.0,0.0,79.0,0.0,0.0,0.0,100.0,100.0,100.0,0.0,0.0,100.0
1480298124.46,-12.59783,-0.081999420000000003,4.9195890000000002,0.0,0.0,0.0,0.0,86.0,0.0,1.0,0.0,100.0,100.0,100.0,0.0,0.0,100.0
1480298124.691,-9.5662859999999998,1.312832,2.1273230000000001,0.0,0.0,0.0,0.0,47.0,0.0,2.0,0.0,0.0,100.0,100.0,0.0,0.0,100.0
1480298124.8729999,-12.709479999999999,-11.639620000000001,-0.28240300000000002,0.0,0.0,0.0,0.0,66.0,0.0,3.0,0.0,0.0,0.0,100.0,0.0,0.0,100.0
1480298125.0320001,-13.19075,-11.433590000000001,-4.1406890000000001,0.0,0.0,0.0,0.0,62.0,0.0,5.0,0.0,0.0,100.0,100.0,0.0,0.0,100.0
1480298125.201,-13.19904,-7.3176769999999998,-7.4115950000000002,0.0,0.0,0.0,0.0,64.0,0.0,3.0,0.0,100.0,100.0,100.0,0.0,0.0,100.0
1480298125.372,-6.5460310000000002,-1.7636540000000001,-0.080702220000000005,0.0,0.0,0.0,0.0,0.0,0.0,0.0,0.0,0.0,0.0,75.0,0.0,66.0,0.0
1480298125.5339999,1.9474070000000001,-0.39406999999999998,4.5262330000000004,0.0,0.0,0.0,0.0,0.0,0.0,4.0,0.0,0.0,0.0,0.0,0.0,100.0,0.0
1480298125.7249999,-7.1360840000000003,-1.655122,7.4951530000000002,0.0,0.0,0.0,0.0,0.0,0.0,0.0,0.0,0.0,0.0,74.0,0.0,0.0,0.0
1480298125.915,-16.262,-5.3592839999999997,-5.1038680000000003,0.0,0.0,0.0,0.0,41.0,0.0,1.0,0.0,100.0,35.0,100.0,0.0,100.0,0.0
1480298126.1070001,-12.88064,-7.1761229999999996,-11.570510000000001,0.0,0.0,0.0,0.0,10.0,0.0,15.0,0.0,0.0,0.0,100.0,0.0,100.0,0.0
1480298126.3199999,-7.0060209999999996,-2.9526840000000001,-3.9618570000000002,0.0,0.0,0.0,0.0,0.0,0.0,5.0,0.0,0.0,0.0,100.0,0.0,100.0,0.0
1480298126.54,-14.845420000000001,-10.215059999999999,-7.2596319999999999,0.0,0.0,0.0,0.0,0.0,0.0,9.0,0.0,0.0,46.0,100.0,0.0,0.0,100.0
1480298126.7160001,-7.3963010000000002,-5.3006539999999998,-0.20142360000000001,0.0,0.0,0.0,0.0,0.0,0.0,9.0,0.0,0.0,0.0,100.0,0.0,0.0,100.0
1480298126.9089999,-10.907310000000001,-6.1579509999999997,-0.37847920000000002,0.0,0.0,0.0,0.0,9.0,0.0,5.0,0.0,0.0,0.0,100.0,0.0,0.0,100.0
1480298127.095,-10.8653,-7.4187570000000003,-7.6460670000000004,0.0,0.0,0.0,0.0,0.0,0.0,12.0,0.0,0.0,0.0,100.0,0.0,100.0,0.0
1480298127.277,-14.373150000000001,-9.1338910000000002,-4.9567759999999996,0.0,0.0,0.0,0.0,0.0,0.0,0.0,0.0,0.0,0.0,100.0,0.0,100.0,0.0
1480298127.4679999,-6.4245390000000002,-6.0147170000000001,-5.6519500000000003,0.0,0.0,0.0,0.0,0.0,0.0,3.0,0.0,0.0,0.0,100.0,0.0,35.0,0.0
1480298127.7520001,-16.765280000000001,-5.7652159999999997,-2.4630049999999999,0.0,0.0,0.0,0.0,0.0,0.0,0.0,0.0,0.0,0.0,100.0,0.0,0.0,100.0
1480298127.944,-11.715170000000001,-4.1748519999999996,-3.7353809999999998,0.0,0.0,0.0,0.0,0.0,0.0,3.0,0.0,0.0,0.0,100.0,0.0,60.0,0.0
1480298128.1029999,-14.039070000000001,-1.160568,-2.9810599999999998,0.0,0.0,0.0,0.0,0.0,0.0,3.0,0.0,0.0,0.0,100.0,0.0,0.0,19.0
1480298128.2679999,1.1849069999999999,-2.442186,-4.0326190000000004,0.0,0.0,0.0,0.0,0.0,0.0,16.0,0.0,0.0,0.0,100.0,0.0,100.0,0.0
1480298128.4349999,-9.6981120000000001,1.271077,9.4402460000000001,0.0,0.0,0.0,0.0,0.0,0.0,6.0,0.0,0.0,0.0,61.0,0.0,0.0,30.0
1480298128.6110001,-9.7661960000000008,-0.22087090000000001,6.9659469999999999,0.0,0.0,0.0,0.0,0.0,0.0,1.0,0.0,0.0,0.0,100.0,0.0,0.0,32.0
1480298128.7650001,-7.8464489999999998,-0.62159370000000003,5.93147,0.0,0.0,0.0,0.0,0.0,0.0,1.0,0.0,0.0,0.0,100.0,0.0,0.0,36.0
1480298128.951,-5.1345980000000004,-1.6674910000000001,9.7012520000000002,0.0,0.0,0.0,0.0,0.0,0.0,0.0,0.0,0.0,0.0,100.0,0.0,0.0,0.0
1480298129.1129999,-7.6155900000000001,-2.6210239999999998,6.91371,0.0,0.0,0.0,0.0,0.0,0.0,0.0,0.0,0.0,0.0,100.0,0.0,69.0,0.0
1480298129.273,-7.250013,-0.99437759999999997,6.3150820000000003,0.0,0.0,0.0,0.0,0.0,0.0,0.0,0.0,0.0,0.0,100.0,0.0,0.0,40.0
1480298129.4330001,0.85584740000000004,-1.360751,7.883235,0.0,0.0,0.0,0.0,0.0,0.0,1.0,0.0,0.0,0.0,100.0,0.0,0.0,40.0
1480298129.605,-0.7989134,-3.1580889999999999,8.0060509999999994,0.0,0.0,0.0,0.0,0.0,0.0,2.0,0.0,0.0,50.0,97.0,0.0,0.0,100.0
1480298129.7969999,7.5395089999999998,-0.70792299999999997,6.153308,0.0,0.0,0.0,0.0,0.0,0.0,8.0,0.0,0.0,0.0,100.0,0.0,0.0,24.0
1480298129.983,4.5483269999999996,-2.8153269999999999,9.8209219999999995,0.0,0.0,0.0,0.0,0.0,0.0,5.0,0.0,0.0,0.0,51.0,0.0,0.0,100.0
1480298130.151,11.171900000000001,-1.9517929999999999,7.8531019999999998,0.0,0.0,0.0,0.0,0.0,0.0,22.0,0.0,0.0,43.0,28.0,0.0,100.0,0.0
1480298130.312,11.92496,-1.6525510000000001,8.8660309999999996,0.0,0.0,0.0,0.0,0.0,0.0,12.0,0.0,0.0,0.0,28.0,0.0,100.0,0.0
1480298130.51,8.5820530000000002,5.2865979999999997,9.9753609999999995,0.0,0.0,0.0,0.0,0.0,0.0,9.0,0.0,0.0,0.0,24.0,0.0,100.0,0.0
1480298130.816,11.625120000000001,3.14378,11.683249999999999,0.0,0.0,0.0,0.0,0.0,0.0,22.0,0.0,0.0,0.0,30.0,0.0,100.0,0.0
1480298131.1429999,10.609030000000001,4.6675829999999996,13.27158,0.0,0.0,0.0,0.0,0.0,0.0,22.0,0.0,0.0,0.0,30.0,0.0,100.0,0.0
1480298131.3529999,12.490080000000001,5.45383,14.06433,0.0,0.0,0.0,0.0,0.0,0.0,22.0,0.0,0.0,0.0,30.0,0.0,100.0,0.0
1480298131.556,29.94913,14.14486,101.45310000000001,0.0,0.0,0.0,0.0,0.0,0.0,22.0,0.0,0.0,0.0,30.0,0.0,100.0,0.0
1480298131.7590001,34.644440000000003,12.74624,84.948880000000003,0.0,0.0,0.0,0.0,0.0,0.0,22.0,0.0,0.0,0.0,30.0,0.0,100.0,0.0
1480298131.948,33.712649999999996,9.8972719999999992,80.91901,0.0,0.0,0.0,0.0,0.0,0.0,22.0,0.0,0.0,0.0,30.0,0.0,100.0,0.0
1480298132.145,33.689700000000002,14.93183,87.16789,0.0,0.0,0.0,0.0,0.0,0.0,22.0,0.0,0.0,0.0,30.0,0.0,100.0,0.0
1480298132.312,32.464129999999997,14.09904,85.261160000000004,0.0,0.0,0.0,0.0,0.0,0.0,22.0,0.0,0.0,0.0,30.0,0.0,100.0,0.0
1480298132.4779999,32.129040000000003,18.522729999999999,92.468140000000005,0.0,0.0,0.0,0.0,0.0,0.0,22.0,0.0,0.0,0.0,30.0,0.0,100.0,0.0
1480298132.652,-16.195119999999999,-6.8586970000000003,-7.3201359999999998,0.0,0.0,0.0,0.0,46.0,0.0,0.0,0.0,100.0,100.0,100.0,0.0,0.0,100.0
1480298132.846,-16.809239999999999,-7.7007469999999998,-6.7499820000000001,0.0,0.0,0.0,0.0,40.0,0.0,0.0,0.0,0.0,91.0,100.0,0.0,0.0,100.0
1480298133.0450001,-19.871449999999999,-7.2311449999999997,-6.319229,0.0,0.0,0.0,0.0,42.0,0.0,0.0,0.0,0.0,0.0,100.0,0.0,0.0,100.0
1480298133.2449999,-16.13213,-7.115882,-4.1012639999999996,0.0,0.0,0.0,0.0,37.0,0.0,4.0,0.0,0.0,0.0,100.0,0.0,0.0,100.0
1480298133.437,-14.33296,-10.24422,-3.6949640000000001,0.0,0.0,0.0,0.0,46.0,0.0,0.0,0.0,100.0,100.0,100.0,0.0,0.0,100.0
1480298133.658,-1.985708,-2.3762050000000001,-4.2647599999999999,0.0,0.0,0.0,0.0,0.0,0.0,0.0,0.0,0.0,0.0,0.0,0.0,100.0,0.0
1480298133.9349999,-22.05828,-8.4976489999999991,-4.4263810000000001,0.0,0.0,0.0,0.0,60.0,0.0,0.0,0.0,0.0,0.0,100.0,0.0,0.0,100.0
1480298134.1059999,-22.190799999999999,-8.6541359999999994,-4.563968,0.0,0.0,0.0,0.0,52.0,0.0,0.0,0.0,100.0,0.0,100.0,0.0,0.0,100.0
1480298134.277,-17.435110000000002,-8.9128810000000005,-4.8303750000000001,0.0,0.0,0.0,0.0,57.0,0.0,0.0,0.0,100.0,100.0,100.0,0.0,0.0,100.0
1480298134.4660001,-19.026910000000001,-8.9765099999999993,-4.2446729999999997,0.0,0.0,0.0,0.0,49.0,0.0,0.0,0.0,59.0,100.0,100.0,0.0,0.0,100.0
1480298134.654,-19.891639999999999,-8.3840850000000007,-4.670871,0.0,0.0,0.0,0.0,50.0,0.0,0.0,0.0,100.0,100.0,100.0,0.0,0.0,100.0
1480298134.822,-18.829989999999999,-8.4566389999999991,-1.4424539999999999,0.0,0.0,0.0,0.0,16.0,0.0,0.0,0.0,100.0,0.0,100.0,0.0,0.0,100.0
1480298135.0039999,-17.786709999999999,-9.6279830000000004,1.152417,0.0,0.0,0.0,0.0,4.0,0.0,0.0,0.0,70.0,0.0,100.0,0.0,0.0,100.0
1480298135.184,-17.953790000000001,-9.5232989999999997,1.015747,0.0,0.0,0.0,0.0,4.0,0.0,0.0,0.0,100.0,100.0,100.0,0.0,0.0,100.0
1480298135.362,-18.247219999999999,-8.7173130000000008,0.9746049,0.0,0.0,0.0,0.0,12.0,0.0,0.0,0.0,100.0,100.0,100.0,0.0,0.0,15.0
1480298135.543,-14.913349999999999,-11.804830000000001,1.5130539999999999,0.0,0.0,0.0,0.0,12.0,0.0,0.0,0.0,100.0,100.0,100.0,0.0,0.0,100.0
1480298135.727,-18.128869999999999,-11.28026,2.4020090000000001,0.0,0.0,0.0,0.0,0.0,0.0,0.0,0.0,100.0,100.0,100.0,0.0,100.0,0.0
1480298135.901,-17.873429999999999,-10.935739999999999,2.5779260000000002,0.0,0.0,0.0,0.0,5.0,0.0,0.0,0.0,100.0,100.0,100.0,0.0,0.0,44.0
1480298136.085,-22.03689,-11.2826,2.989916,0.0,0.0,0.0,0.0,0.0,0.0,0.0,0.0,82.0,100.0,100.0,0.0,14.0,0.0
1480298136.266,-15.18882,-10.913679999999999,2.9141849999999998,0.0,0.0,0.0,0.0,0.0,0.0,0.0,0.0,100.0,100.0,100.0,0.0,0.0,33.0
1480298136.4360001,-14.98217,-10.49944,2.299353,0.0,0.0,0.0,0.0,0.0,0.0,0.0,0.0,100.0,100.0,100.0,0.0,0.0,70.0
1480298136.6389999,-14.93567,-8.1460270000000001,0.21572649999999999,0.0,0.0,0.0,0.0,0.0,0.0,7.0,0.0,0.0,100.0,100.0,0.0,0.0,100.0
1480298136.869,-2.2024210000000002,-10.06588,4.5586310000000001,0.0,0.0,0.0,0.0,0.0,0.0,0.0,0.0,100.0,100.0,100.0,0.0,0.0,100.0
1480298137.05,-5.3742830000000001,-10.00248,3.4379409999999999,0.0,0.0,0.0,0.0,0.0,0.0,0.0,0.0,100.0,100.0,100.0,0.0,0.0,100.0
1480298137.224,-11.85186,-4.9375619999999998,5.2096920000000004,0.0,0.0,0.0,0.0,0.0,0.0,0.0,0.0,0.0,100.0,0.0,0.0,100.0,0.0
1480298137.3889999,-1.3981710000000001,-4.1554760000000002,10.282349999999999,0.0,0.0,0.0,0.0,0.0,0.0,2.0,0.0,0.0,0.0,55.0,0.0,0.0,100.0
1480298137.5450001,-15.275550000000001,-3.7700909999999999,1.8171889999999999,0.0,0.0,0.0,0.0,0.0,0.0,0.0,0.0,0.0,0.0,0.0,100.0,0.0,100.0
1480298137.7130001,-9.3606700000000007,-8.1644170000000003,10.182700000000001,0.0,0.0,0.0,0.0,0.0,100.0,0.0,0.0,0.0,0.0,0.0,49.0,0.0,100.0
1480298137.8740001,12.814769999999999,-6.8180050000000003,5.4266439999999996,0.0,0.0,0.0,0.0,0.0,0.0,10.0,0.0,0.0,0.0,0.0,0.0,0.0,100.0
1480298138.03,-4.0274359999999998,-5.9065479999999999,7.151052,0.0,0.0,0.0,0.0,0.0,0.0,3.0,0.0,0.0,0.0,13.0,0.0,100.0,0.0
1480298138.224,-11.993320000000001,4.5679369999999997,7.8028849999999998,0.0,0.0,0.0,0.0,0.0,0.0,1.0,0.0,0.0,0.0,29.0,0.0,100.0,0.0
1480298138.395,-5.1650770000000001,5.3094869999999998,7.9981090000000004,0.0,0.0,0.0,0.0,0.0,0.0,0.0,0.0,0.0,0.0,100.0,0.0,100.0,0.0
1480298138.6440001,-4.9221630000000003,5.864007,8.9789910000000006,0.0,0.0,0.0,0.0,0.0,0.0,0.0,0.0,0.0,0.0,100.0,0.0,100.0,0.0
1480298138.812,-1.6989019999999999,6.5972340000000003,8.2513819999999996,0.0,0.0,0.0,0.0,0.0,0.0,0.0,0.0,0.0,0.0,100.0,0.0,100.0,0.0
1480298138.9779999,-1.3172649999999999,5.9191909999999996,10.38386,0.0,0.0,0.0,0.0,0.0,0.0,0.0,0.0,0.0,0.0,100.0,0.0,100.0,0.0
1480298139.1719999,-1.2950109999999999,5.7628750000000002,10.586740000000001,0.0,0.0,0.0,0.0,0.0,0.0,0.0,0.0,0.0,0.0,100.0,0.0,100.0,0.0
1480298139.355,5.4549899999999996,4.5637100000000004,11.593400000000001,0.0,0.0,0.0,0.0,0.0,0.0,0.0,0.0,0.0,0.0,100.0,0.0,100.0,0.0
1480298139.5239999,-5.0688620000000002,-0.8529217,3.3143630000000002,0.0,0.0,0.0,0.0,73.0,0.0,3.0,0.0,0.0,0.0,100.0,0.0,0.0,42.0
1480298139.766,-8.1097079999999995,2.9215309999999999,5.6402229999999998,0.0,0.0,0.0,0.0,52.0,0.0,0.0,0.0,100.0,100.0,100.0,0.0,0.0,100.0
1480298139.961,-4.7020309999999998,2.1296059999999999,6.0035249999999998,0.0,0.0,0.0,0.0,27.0,0.0,0.0,0.0,100.0,0.0,100.0,0.0,0.0,100.0
1480298140.1600001,-6.2416530000000003,0.48961270000000001,6.3195480000000002,0.0,0.0,0.0,0.0,0.0,0.0,2.0,0.0,100.0,0.0,100.0,0.0,0.0,100.0
1480298140.3759999,-8.1590500000000006,1.6499820000000001,2.3404590000000001,0.0,0.0,0.0,0.0,0.0,0.0,0.0,0.0,100.0,0.0,100.0,0.0,0.0,100.0
1480298140.5899999,-4.5808460000000002,-1.5919490000000001,6.6415110000000004,0.0,0.0,0.0,0.0,0.0,0.0,1.0,0.0,0.0,0.0,0.0,100.0,100.0,0.0
1480298140.796,-5.8477509999999997,-4.6081380000000003,12.234830000000001,0.0,0.0,0.0,0.0,0.0,0.0,3.0,0.0,0.0,0.0,0.0,100.0,100.0,0.0
1480298141.0120001,8.5764490000000002,3.8600569999999998,7.6721820000000003,0.0,0.0,0.0,0.0,0.0,0.0,8.0,0.0,0.0,0.0,88.0,0.0,0.0,100.0
1480298141.2149999,-7.3691230000000001,-3.3749739999999999,2.0791249999999999,0.0,0.0,0.0,0.0,0.0,0.0,5.0,0.0,100.0,0.0,72.0,0.0,100.0,0.0
1480298141.4389999,-1.2600210000000001,-4.3756069999999996,2.5084409999999999,0.0,0.0,0.0,0.0,0.0,0.0,7.0,0.0,100.0,59.0,100.0,0.0,100.0,0.0
1480298141.6329999,-9.3970970000000005,-5.8319299999999998,-1.4270449999999999,0.0,0.0,0.0,0.0,0.0,0.0,18.0,0.0,0.0,0.0,100.0,0.0,100.0,0.0
1480298141.8180001,-8.7898890000000005,-3.1630129999999999,4.6401820000000003,0.0,0.0,0.0,0.0,0.0,0.0,3.0,0.0,0.0,0.0,100.0,0.0,100.0,0.0
1480298141.997,-7.9325359999999998,-1.039696,-0.1497793,0.0,0.0,0.0,0.0,0.0,0.0,7.0,0.0,0.0,0.0,100.0,0.0,100.0,0.0
1480298142.194,-10.204319999999999,-6.8252360000000003,-7.7338959999999997,0.0,0.0,0.0,0.0,0.0,0.0,0.0,0.0,0.0,0.0,100.0,0.0,100.0,0.0
1480298142.391,-7.3061819999999997,-6.873329,-13.445499999999999,0.0,0.0,0.0,0.0,0.0,0.0,2.0,0.0,0.0,0.0,100.0,0.0,100.0,0.0
1480298142.612,-3.7690440000000001,-3.2164920000000001,2.8077239999999999,0.0,0.0,0.0,0.0,0.0,0.0,7.0,0.0,100.0,0.0,100.0,0.0,100.0,0.0
1480298142.9560001,-12.412319999999999,-6.6128010000000002,2.424417,0.0,0.0,0.0,0.0,0.0,0.0,0.0,0.0,100.0,0.0,100.0,0.0,100.0,0.0
1480298143.175,-14.267910000000001,-10.827209999999999,-6.111294,0.0,0.0,0.0,0.0,0.0,0.0,2.0,0.0,0.0,0.0,36.0,0.0,11.0,0.0
1480298143.3800001,-15.120229999999999,-5.4528249999999998,-0.28884339999999997,0.0,0.0,0.0,0.0,0.0,0.0,0.0,0.0,100.0,0.0,31.0,0.0,100.0,0.0
1480298143.573,-14.279579999999999,-5.6706219999999998,-0.78459990000000002,0.0,0.0,0.0,0.0,0.0,0.0,10.0,0.0,100.0,0.0,0.0,0.0,100.0,0.0
1480298143.7520001,-12.892760000000001,-3.142277,2.7906219999999999,0.0,0.0,0.0,0.0,0.0,0.0,3.0,0.0,29.0,0.0,85.0,0.0,100.0,0.0
1480298143.9579999,-16.889019999999999,-5.896814,-2.5469400000000002,0.0,0.0,0.0,0.0,0.0,0.0,3.0,0.0,0.0,0.0,100.0,0.0,100.0,0.0
1480298144.145,-17.255240000000001,-7.4040809999999997,-4.65496,0.0,0.0,0.0,0.0,0.0,0.0,0.0,0.0,100.0,0.0,100.0,0.0,100.0,0.0
1480298144.322,-4.0301710000000002,-5.1368859999999996,-4.3912630000000004,0.0,0.0,0.0,0.0,0.0,0.0,7.0,0.0,100.0,0.0,100.0,0.0,100.0,0.0
1480298144.4990001,-6.3838210000000002,-5.5452380000000003,-13.79102,0.0,0.0,0.0,0.0,0.0,0.0,4.0,0.0,100.0,0.0,0.0,13.0,0.0,59.0
1480298144.6849999,-4.0422190000000002,-5.3792249999999999,-5.185181,0.0,0.0,0.0,0.0,0.0,0.0,10.0,0.0,100.0,0.0,100.0,0.0,100.0,0.0
1480298144.8859999,-9.6939580000000003,-3.0220660000000001,-14.28058,0.0,0.0,0.0,0.0,0.0,0.0,6.0,0.0,0.0,0.0,100.0,0.0,100.0,0.0
1480298145.0739999,-18.25048,-4.6508839999999996,-4.3136150000000004,0.0,0.0,0.0,0.0,0.0,0.0,3.0,0.0,0.0,0.0,100.0,0.0,100.0,0.0
1480298145.2590001,-13.01839,-0.95973710000000001,-3.8913099999999998,0.0,0.0,0.0,0.0,0.0,0.0,3.0,0.0,0.0,0.0,100.0,0.0,100.0,0.0
1480298145.46,-15.175660000000001,-6.151605,-20.806619999999999,0.0,0.0,0.0,0.0,0.0,0.0,9.0,0.0,27.0,100.0,100.0,0.0,100.0,0.0
1480298145.655,-15.53862,-6.2572580000000002,-6.2160880000000001,0.0,0.0,0.0,0.0,0.0,0.0,0.0,0.0,0.0,0.0,100.0,0.0,100.0,0.0
1480298145.8940001,-16.2212,-3.0613800000000002,-7.725015,0.0,0.0,0.0,0.0,0.0,0.0,0.0,0.0,0.0,0.0,100.0,0.0,100.0,0.0
1480298146.1040001,-10.66933,-3.13571,-14.40809,0.0,0.0,0.0,0.0,0.0,0.0,0.0,0.0,0.0,0.0,100.0,0.0,0.0,24.0
1480298146.286,-8.3373640000000009,-0.07943095,-11.66846,0.0,0.0,0.0,0.0,0.0,0.0,0.0,0.0,0.0,0.0,100.0,0.0,100.0,0.0
1480298146.4549999,-13.56784,-4.5014750000000001,-5.8682049999999997,0.0,0.0,0.0,0.0,0.0,0.0,8.0,0.0,65.0,0.0,100.0,0.0,12.0,0.0
1480298146.6270001,-8.845675,1.1832240000000001,-14.76768,0.0,0.0,0.0,0.0,0.0,0.0,6.0,0.0,0.0,0.0,100.0,0.0,100.0,0.0
1480298146.8429999,-4.1797700000000004,2.2444980000000001,-0.56462690000000004,0.0,0.0,0.0,0.0,0.0,0.0,3.0,0.0,100.0,0.0,100.0,0.0,0.0,27.0
1480298147.0420001,-12.34033,2.9602430000000002,-7.6119630000000003,0.0,0.0,0.0,0.0,0.0,0.0,6.0,0.0,100.0,6.0,100.0,0.0,0.0,100.0
1480298147.2119999,14.287520000000001,-6.7805900000000001,-18.7865,0.0,0.0,0.0,0.0,0.0,0.0,23.0,0.0,100.0,0.0,88.0,0.0,100.0,0.0
1480298147.395,15.648709999999999,-5.9856579999999999,-17.695350000000001,0.0,0.0,0.0,0.0,0.0,0.0,9.0,0.0,100.0,100.0,68.0,0.0,100.0,0.0
1480298147.5610001,4.990272,1.94563,-13.31887,0.0,0.0,0.0,0.0,0.0,0.0,9.0,0.0,100.0,100.0,100.0,0.0,0.0,100.0
1480298147.7550001,18.904620000000001,-5.138617,-8.260389,0.0,0.0,0.0,0.0,0.0,0.0,18.0,0.0,100.0,100.0,100.0,0.0,100.0,0.0
1480298147.9360001,17.246390000000002,-7.7214679999999998,-18.373570000000001,0.0,0.0,0.0,0.0,0.0,100.0,2.0,0.0,100.0,0.0,100.0,0.0,100.0,0.0
1480298148.105,15.862349999999999,-4.9819639999999996,-18.836839999999999,0.0,0.0,0.0,0.0,0.0,0.0,21.0,0.0,100.0,0.0,100.0,0.0,100.0,0.0
1480298148.267,16.451509999999999,-0.06166253,-20.05696,0.0,0.0,0.0,0.0,0.0,0.0,8.0,0.0,100.0,0.0,100.0,0.0,100.0,0.0
1480298148.428,11.73254,-2.7279789999999999,-15.270289999999999,0.0,0.0,0.0,0.0,0.0,0.0,5.0,0.0,100.0,0.0,100.0,0.0,100.0,0.0
1480298148.585,14.560589999999999,-3.0606010000000001,-16.894449999999999,0.0,0.0,0.0,0.0,0.0,0.0,15.0,0.0,100.0,0.0,29.0,0.0,100.0,0.0
1480298148.767,14.901630000000001,-4.7798100000000003,-18.61232,0.0,0.0,0.0,0.0,0.0,100.0,10.0,0.0,100.0,0.0,100.0,0.0,100.0,0.0
1480298149.016,15.360150000000001,-4.6016890000000004,-23.140940000000001,0.0,0.0,0.0,0.0,0.0,0.0,4.0,0.0,92.0,0.0,100.0,0.0,100.0,0.0
1480298149.175,17.234000000000002,-17.63691,-24.89903,0.0,0.0,0.0,0.0,0.0,0.0,1.0,0.0,100.0,0.0,100.0,0.0,91.0,0.0
1480298149.3369999,-8.0678160000000005,-2.5405169999999999,-5.7669940000000004,0.0,0.0,0.0,0.0,0.0,0.0,2.0,0.0,100.0,100.0,100.0,0.0,30.0,0.0
1480298149.5039999,-2.380544,-5.8158839999999996,-9.7189429999999994,0.0,0.0,0.0,0.0,0.0,0.0,0.0,0.0,100.0,0.0,0.0,25.0,0.0,100.0
1480298149.7390001,-1.3739060000000001,-5.4308930000000002,-10.165369999999999,0.0,0.0,0.0,0.0,0.0,0.0,0.0,0.0,100.0,0.0,0.0,25.0,0.0,100.0
1480298149.9159999,-2.3450410000000002,-4.8565519999999998,-9.8189810000000008,0.0,0.0,0.0,0.0,0.0,0.0,0.0,0.0,100.0,0.0,0.0,25.0,0.0,100.0
1480298150.0940001,-2.715573,-4.4310419999999997,-9.1274960000000007,0.0,0.0,0.0,0.0,0.0,0.0,0.0,0.0,100.0,0.0,0.0,25.0,0.0,100.0
1480298150.273,-2.834057,-4.5380820000000002,-9.434132,0.0,0.0,0.0,0.0,0.0,0.0,0.0,0.0,100.0,0.0,0.0,25.0,0.0,100.0
1480298150.4360001,-3.1566719999999999,-4.9258220000000001,-9.1285030000000003,0.0,0.0,0.0,0.0,0.0,0.0,0.0,0.0,100.0,0.0,0.0,25.0,0.0,100.0
1480298150.5940001,-3.5220940000000001,-5.1492849999999999,-7.8360919999999998,0.0,0.0,0.0,0.0,62.0,0.0,0.0,0.0,0.0,0.0,100.0,0.0,0.0,100.0
1480298150.7609999,-2.5957270000000001,-5.4542869999999999,-5.5664579999999999,0.0,0.0,0.0,0.0,49.0,0.0,0.0,0.0,0.0,0.0,100.0,0.0,0.0,100.0
1480298150.934,-4.3808980000000002,-5.1283409999999998,-3.686769,0.0,0.0,0.0,0.0,16.0,0.0,2.0,0.0,100.0,100.0,100.0,0.0,0.0,100.0
1480298151.1340001,-9.9917420000000003,-5.0637210000000001,-2.6742059999999999,0.0,0.0,0.0,0.0,56.0,0.0,0.0,0.0,100.0,0.0,100.0,0.0,100.0,0.0
1480298151.3410001,-14.167719999999999,-4.9182110000000003,-3.084044,0.0,0.0,0.0,0.0,64.0,0.0,0.0,0.0,100.0,0.0,100.0,0.0,100.0,0.0
1480298151.559,-12.32455,-5.1489520000000004,-2.6876760000000002,0.0,0.0,0.0,0.0,59.0,0.0,0.0,0.0,0.0,0.0,100.0,0.0,0.0,100.0
1480298151.7820001,-12.17126,-6.1773410000000002,-1.144598,0.0,0.0,0.0,0.0,49.0,0.0,0.0,0.0,0.0,0.0,100.0,0.0,0.0,100.0
1480298152.0780001,-5.6648319999999996,0.45065450000000001,11.91222,0.0,0.0,0.0,0.0,0.0,0.0,0.0,0.0,0.0,0.0,0.0,51.0,28.0,0.0
1480298152.2639999,-6.2655310000000002,-0.0016701190000000001,10.31476,0.0,0.0,0.0,0.0,0.0,0.0,0.0,0.0,0.0,0.0,0.0,32.0,41.0,0.0
1480298152.4319999,-7.6451820000000001,-2.330981,9.4976000000000003,0.0,0.0,0.0,0.0,0.0,0.0,0.0,0.0,0.0,0.0,16.0,0.0,0.0,100.0
1480298152.6259999,-5.5444870000000002,-3.077655,9.1994939999999996,0.0,0.0,0.0,0.0,0.0,0.0,0.0,0.0,0.0,0.0,100.0,0.0,0.0,100.0
1480298152.8099999,-7.7873970000000003,-0.71621809999999997,9.9477069999999994,0.0,0.0,0.0,0.0,0.0,0.0,0.0,0.0,0.0,0.0,0.0,100.0,0.0,100.0
1480298153.079,-7.1602600000000001,-0.38234649999999998,10.25647,0.0,0.0,0.0,0.0,0.0,0.0,0.0,0.0,0.0,0.0,0.0,100.0,0.0,100.0
1480298153.2579999,-6.3411759999999999,-0.2185358,10.380879999999999,0.0,0.0,0.0,0.0,0.0,0.0,0.0,0.0,0.0,0.0,0.0,100.0,0.0,100.0
1480298153.444,-6.0269060000000003,-0.079446989999999995,10.639950000000001,0.0,0.0,0.0,0.0,0.0,0.0,0.0,0.0,0.0,0.0,0.0,100.0,0.0,100.0
1480298153.645,-8.0228319999999993,-0.64377379999999995,10.67694,0.0,0.0,0.0,0.0,0.0,0.0,0.0,0.0,0.0,0.0,0.0,100.0,0.0,100.0
1480298153.8239999,-11.1211,-0.31003360000000002,11.20743,0.0,0.0,0.0,0.0,0.0,0.0,0.0,0.0,0.0,0.0,0.0,100.0,0.0,100.0
1480298153.994,-6.3308859999999996,0.33184829999999998,10.54734,0.0,0.0,0.0,0.0,0.0,0.0,0.0,0.0,100.0,0.0,100.0,0.0,0.0,100.0
1480298154.165,-5.4943210000000002,-1.3932850000000001,10.272489999999999,0.0,0.0,0.0,0.0,66.0,0.0,0.0,0.0,7.0,0.0,100.0,0.0,0.0,100.0
1480298154.329,-7.4674040000000002,-3.6680600000000001,8.0747800000000005,0.0,0.0,0.0,0.0,100.0,0.0,4.0,0.0,100.0,100.0,0.0,25.0,0.0,100.0
1480298154.5109999,-9.807544,-5.7377060000000002,6.7976200000000002,0.0,0.0,0.0,0.0,95.0,0.0,1.0,0.0,100.0,25.0,0.0,0.0,0.0,100.0
1480298154.6860001,-12.81209,-7.0797540000000003,4.9831940000000001,0.0,0.0,0.0,0.0,100.0,0.0,2.0,0.0,100.0,100.0,100.0,0.0,0.0,100.0
1480298154.869,-7.9247100000000001,-5.3773980000000003,5.685308,0.0,0.0,0.0,0.0,33.0,0.0,4.0,0.0,0.0,0.0,100.0,0.0,0.0,100.0
1480298155.092,-13.084300000000001,-6.7585490000000004,4.1101599999999996,0.0,0.0,0.0,0.0,63.0,0.0,0.0,0.0,77.0,0.0,100.0,0.0,0.0,100.0
1480298155.2590001,-15.347799999999999,-5.4808729999999999,4.7626499999999998,0.0,0.0,0.0,0.0,0.0,0.0,0.0,0.0,0.0,0.0,100.0,0.0,100.0,0.0
1480298155.4260001,-15.53389,-8.5349439999999994,1.791148,0.0,0.0,0.0,0.0,92.0,0.0,3.0,0.0,100.0,100.0,84.0,0.0,0.0,100.0
1480298155.605,-22.50346,-9.2086109999999994,1.4823329999999999,0.0,0.0,0.0,0.0,87.0,0.0,2.0,0.0,100.0,100.0,57.0,0.0,0.0,100.0
1480298155.7679999,-22.13513,-9.0058170000000004,1.5272829999999999,0.0,0.0,0.0,0.0,86.0,0.0,1.0,0.0,46.0,0.0,59.0,0.0,0.0,100.0
1480298155.931,-22.32845,-8.4147630000000007,2.043447,0.0,0.0,0.0,0.0,66.0,0.0,0.0,0.0,0.0,0.0,79.0,0.0,100.0,0.0
1480298156.0869999,-22.184449999999998,-8.2301470000000005,2.1841849999999998,0.0,0.0,0.0,0.0,50.0,0.0,1.0,0.0,0.0,100.0,92.0,0.0,39.0,0.0
1480298156.243,-20.738990000000001,-7.8191540000000002,2.1428199999999999,0.0,0.0,0.0,0.0,56.0,0.0,0.0,0.0,100.0,100.0,100.0,0.0,0.0,33.0
1480298156.4360001,-7.7466749999999998,-6.9637180000000001,1.7837810000000001,0.0,0.0,0.0,0.0,0.0,0.0,0.0,0.0,100.0,12.0,100.0,0.0,0.0,100.0
1480298156.641,-6.8617179999999998,-2.9454579999999999,2.474386,0.0,0.0,0.0,0.0,14.0,0.0,10.0,0.0,100.0,0.0,0.0,100.0,22.0,0.0
1480298156.858,-10.977779999999999,-5.7942220000000004,2.48211,0.0,0.0,0.0,0.0,32.0,0.0,6.0,0.0,100.0,100.0,100.0,0.0,0.0,100.0
1480298157.089,-9.4499279999999999,-8.4577790000000004,-1.6040890000000001,0.0,0.0,0.0,0.0,0.0,0.0,7.0,0.0,100.0,0.0,100.0,0.0,0.0,100.0
1480298157.28,-3.7477140000000002,-6.6622260000000004,1.8743380000000001,0.0,0.0,0.0,0.0,19.0,0.0,0.0,0.0,100.0,100.0,100.0,0.0,0.0,100.0
1480298157.4719999,-5.6615859999999998,-6.810238,3.3167179999999998,0.0,0.0,0.0,0.0,55.0,0.0,0.0,0.0,100.0,100.0,100.0,0.0,0.0,100.0
1480298157.6389999,-8.8405380000000005,-7.1040400000000004,3.33446,0.0,0.0,0.0,0.0,62.0,0.0,1.0,0.0,100.0,0.0,100.0,0.0,0.0,100.0
1480298157.8380001,-13.4642,-7.3261960000000004,3.2048610000000002,0.0,0.0,0.0,0.0,70.0,0.0,2.0,0.0,100.0,86.0,100.0,0.0,0.0,100.0
1480298158.102,-4.9147590000000001,-1.0212460000000001,9.7379440000000006,0.0,0.0,0.0,0.0,0.0,0.0,0.0,0.0,0.0,0.0,11.0,0.0,0.0,89.0
1480298158.267,10.894819999999999,-0.15362970000000001,13.489929999999999,0.0,0.0,0.0,0.0,0.0,0.0,28.0,0.0,0.0,0.0,0.0,100.0,0.0,100.0
1480298158.4230001,2.1699039999999998,0.61245090000000002,7.9749080000000001,0.0,0.0,0.0,0.0,0.0,0.0,14.0,0.0,0.0,0.0,0.0,28.0,0.0,100.0
1480298158.585,-11.46946,1.3952340000000001,6.9476820000000004,0.0,0.0,0.0,0.0,0.0,0.0,0.0,0.0,0.0,0.0,100.0,0.0,14.0,0.0
1480298158.7460001,-5.6735939999999996,1.041032,12.06349,0.0,0.0,0.0,0.0,0.0,0.0,3.0,0.0,0.0,0.0,100.0,0.0,100.0,0.0
1480298158.914,-5.9331950000000004,2.8576169999999999,9.0769959999999994,0.0,0.0,0.0,0.0,0.0,0.0,2.0,0.0,0.0,0.0,100.0,0.0,0.0,100.0
1480298159.075,-6.627942,0.058668989999999997,7.9974860000000003,0.0,0.0,0.0,0.0,0.0,0.0,4.0,0.0,0.0,0.0,100.0,0.0,0.0,100.0
1480298159.234,2.2800250000000002,-3.8965770000000002,7.5843319999999999,0.0,0.0,0.0,0.0,0.0,0.0,3.0,0.0,0.0,0.0,0.0,14.0,0.0,100.0
1480298159.3940001,-2.525007,3.7830569999999999,6.5067709999999996,0.0,0.0,0.0,0.0,0.0,0.0,4.0,0.0,0.0,0.0,100.0,0.0,100.0,0.0
1480298159.5480001,-1.276413,3.423972,8.2836610000000004,0.0,0.0,0.0,0.0,0.0,0.0,3.0,0.0,0.0,0.0,100.0,0.0,100.0,0.0
1480298159.734,-1.5785210000000001,0.488228,8.3183430000000005,0.0,0.0,0.0,0.0,0.0,0.0,0.0,0.0,0.0,0.0,100.0,0.0,0.0,100.0
1480298159.895,-6.9196489999999997,1.239161,14.96387,0.0,0.0,0.0,0.0,0.0,0.0,0.0,0.0,0.0,0.0,100.0,0.0,100.0,0.0
1480298160.066,4.923959,1.83572,17.30339,0.0,0.0,0.0,0.0,0.0,0.0,9.0,0.0,0.0,0.0,100.0,0.0,63.0,0.0
1480298160.2409999,2.588327,3.6809959999999999,11.228910000000001,0.0,0.0,0.0,0.0,0.0,0.0,3.0,0.0,0.0,0.0,100.0,0.0,0.0,49.0
1480298160.414,3.4209269999999998,5.8797629999999996,15.454980000000001,0.0,0.0,0.0,0.0,0.0,0.0,9.0,0.0,0.0,0.0,80.0,0.0,0.0,12.0
1480298160.575,14.46101,4.844767,15.391109999999999,0.0,0.0,0.0,0.0,0.0,0.0,29.0,0.0,0.0,0.0,0.0,0.0,78.0,0.0
1480298160.7390001,15.16356,4.1124390000000002,16.72598,0.0,0.0,0.0,0.0,0.0,0.0,9.0,0.0,0.0,0.0,25.0,0.0,100.0,0.0
1480298160.9260001,9.3908129999999996,3.7932510000000002,17.20072,0.0,0.0,0.0,0.0,0.0,0.0,11.0,0.0,0.0,1.0,100.0,0.0,100.0,0.0
1480298161.171,15.79875,4.7245749999999997,16.868179999999999,0.0,0.0,0.0,0.0,0.0,0.0,14.0,0.0,0.0,100.0,100.0,0.0,0.0,100.0
1480298161.3399999,14.636200000000001,6.2087950000000003,21.80377,0.0,0.0,0.0,0.0,0.0,0.0,8.0,0.0,0.0,0.0,100.0,0.0,9.0,0.0
1480298161.5,8.8647240000000007,1.1028199999999999,16.07931,0.0,0.0,0.0,0.0,0.0,0.0,6.0,0.0,0.0,0.0,62.0,0.0,0.0,10.0
1480298161.6570001,11.57554,-7.4463679999999997,11.39106,0.0,0.0,0.0,0.0,0.0,0.0,4.0,0.0,0.0,100.0,71.0,0.0,0.0,100.0
1480298161.8169999,-13.238860000000001,-2.3198979999999998,5.9431950000000002,0.0,0.0,0.0,0.0,0.0,0.0,0.0,0.0,0.0,0.0,100.0,0.0,100.0,0.0
1480298162.0020001,-10.86891,-6.9899649999999998,19.551649999999999,0.0,0.0,0.0,0.0,0.0,0.0,9.0,0.0,100.0,0.0,0.0,100.0,0.0,100.0
1480298162.1800001,-10.95875,-5.9192429999999998,12.94295,0.0,0.0,0.0,0.0,0.0,0.0,7.0,0.0,0.0,29.0,40.0,0.0,0.0,100.0
1480298162.375,-7.2979039999999999,-8.2953039999999998,16.499179999999999,0.0,0.0,0.0,0.0,0.0,0.0,2.0,0.0,59.0,93.0,79.0,0.0,0.0,100.0
1480298162.5669999,-8.9878230000000006,-10.46307,17.514309999999998,0.0,0.0,0.0,0.0,0.0,0.0,4.0,0.0,0.0,64.0,85.0,0.0,0.0,0.0
1480298162.7550001,-6.3460169999999998,-0.49226809999999999,9.6614760000000004,0.0,0.0,0.0,0.0,0.0,0.0,3.0,0.0,100.0,1.0,34.0,0.0,0.0,100.0
1480298162.9349999,-11.210990000000001,-3.5878839999999999,17.8444,0.0,0.0,0.0,0.0,0.0,0.0,0.0,0.0,100.0,100.0,58.0,0.0,0.0,100.0
1480298163.1429999,-2.8835980000000001,-8.2973219999999994,14.151529999999999,0.0,0.0,0.0,0.0,0.0,0.0,1.0,0.0,0.0,0.0,100.0,0.0,100.0,0.0
1480298163.3559999,-4.8194670000000004,-11.10088,15.14293,0.0,0.0,0.0,0.0,0.0,0.0,0.0,0.0,100.0,0.0,64.0,0.0,0.0,100.0
1480298163.5680001,-3.438088,0.77324119999999996,10.816380000000001,0.0,0.0,0.0,0.0,0.0,0.0,0.0,0.0,0.0,0.0,100.0,0.0,100.0,0.0
1480298163.767,-2.82037,-3.6422919999999999,17.393329999999999,0.0,0.0,0.0,0.0,0.0,0.0,0.0,0.0,100.0,100.0,0.0,100.0,0.0,100.0
1480298163.974,-4.2465419999999998,-3.1192760000000002,14.471690000000001,0.0,0.0,0.0,0.0,0.0,0.0,0.0,0.0,0.0,100.0,66.0,0.0,0.0,99.0
1480298164.2249999,-0.23606550000000001,-4.6423410000000001,11.97369,0.0,0.0,0.0,0.0,0.0,0.0,0.0,0.0,0.0,0.0,0.0,0.0,0.0,100.0
1480298164.425,14.32827,-4.9686349999999999,7.2542010000000001,0.0,0.0,0.0,0.0,0.0,0.0,4.0,0.0,23.0,0.0,100.0,0.0,100.0,0.0
1480298164.6199999,1.111799,-7.6164399999999999,11.489990000000001,0.0,0.0,0.0,0.0,0.0,0.0,0.0,0.0,0.0,0.0,42.0,0.0,0.0,100.0
1480298164.8099999,14.057359999999999,-2.414933,10.853020000000001,0.0,0.0,0.0,0.0,0.0,0.0,8.0,0.0,0.0,0.0,100.0,0.0,0.0,100.0
1480298164.997,9.6274719999999991,-1.7844960000000001,7.0609520000000003,0.0,0.0,0.0,0.0,0.0,0.0,9.0,0.0,0.0,0.0,49.0,0.0,0.0,100.0
1480298165.194,2.2096040000000001,-3.0627580000000001,12.52355,0.0,0.0,0.0,0.0,0.0,0.0,3.0,0.0,0.0,0.0,51.0,0.0,0.0,100.0
1480298165.3610001,-0.049438379999999997,-3.1348389999999999,11.065160000000001,0.0,0.0,0.0,0.0,0.0,0.0,17.0,0.0,0.0,0.0,63.0,0.0,0.0,100.0
1480298165.533,0.76052059999999999,-2.667837,11.88036,0.0,0.0,0.0,0.0,0.0,0.0,6.0,0.0,0.0,0.0,0.0,76.0,0.0,100.0
1480298165.704,0.2645903,-2.7537389999999999,13.37707,0.0,0.0,0.0,0.0,0.0,0.0,7.0,0.0,0.0,0.0,24.0,0.0,0.0,100.0
1480298165.885,2.7481439999999999,-3.3448869999999999,11.506729999999999,0.0,0.0,0.0,0.0,0.0,0.0,3.0,0.0,0.0,0.0,0.0,13.0,0.0,100.0
1480298166.0599999,1.5899719999999999,-1.517366,12.940200000000001,0.0,0.0,0.0,0.0,0.0,0.0,12.0,0.0,0.0,0.0,0.0,100.0,0.0,100.0
1480298166.2290001,-3.145883,-3.0750139999999999,9.1639479999999995,0.0,0.0,0.0,0.0,0.0,0.0,0.0,0.0,0.0,0.0,0.0,0.0,0.0,100.0
1480298166.4030001,5.1883559999999997,-5.6214899999999997,10.010759999999999,0.0,0.0,0.0,0.0,0.0,0.0,2.0,0.0,0.0,0.0,0.0,54.0,0.0,100.0
1480298166.595,0.97273330000000002,-3.9379029999999999,21.06446,0.0,0.0,0.0,0.0,0.0,0.0,2.0,0.0,0.0,0.0,0.0,100.0,0.0,100.0
1480298166.7850001,4.1546130000000003,-6.4485409999999996,11.685980000000001,0.0,0.0,0.0,0.0,0.0,0.0,1.0,0.0,0.0,0.0,0.0,32.0,0.0,100.0
1480298166.9809999,6.1030249999999997,-6.4473549999999999,10.82367,0.0,0.0,0.0,0.0,0.0,0.0,5.0,0.0,0.0,0.0,16.0,0.0,0.0,100.0
1480298167.2179999,11.57808,-3.6500859999999999,6.4977140000000002,0.0,0.0,0.0,0.0,0.0,0.0,11.0,0.0,0.0,0.0,78.0,0.0,0.0,100.0
1480298167.4000001,6.9673480000000003,-3.9820000000000002,11.740410000000001,0.0,0.0,0.0,0.0,0.0,0.0,4.0,0.0,0.0,0.0,0.0,36.0,0.0,100.0
1480298167.5599999,-0.35721950000000002,-3.0638589999999999,7.8316730000000003,0.0,0.0,0.0,0.0,0.0,0.0,2.0,0.0,0.0,0.0,44.0,0.0,0.0,98.0
1480298167.7320001,9.2531630000000007,1.136522,12.861409999999999,0.0,0.0,0.0,0.0,0.0,0.0,5.0,0.0,0.0,0.0,13.0,0.0,40.0,0.0
1480298167.898,8.9686789999999998,1.0262169999999999,12.65971,0.0,0.0,0.0,0.0,0.0,0.0,8.0,0.0,0.0,0.0,0.0,100.0,100.0,0.0
1480298168.0680001,0.47418529999999998,-5.764221,10.673970000000001,0.0,0.0,0.0,0.0,0.0,0.0,4.0,0.0,0.0,0.0,26.0,0.0,0.0,100.0
1480298168.2290001,-6.0768579999999996,-4.1671329999999998,8.3904490000000003,0.0,0.0,0.0,0.0,0.0,0.0,3.0,0.0,74.0,0.0,100.0,0.0,0.0,100.0
1480298168.3840001,9.8229059999999997,-3.8462550000000002,13.01885,0.0,0.0,0.0,0.0,0.0,0.0,0.0,0.0,0.0,0.0,0.0,0.0,0.0,79.0
1480298168.543,9.0015479999999997,-3.9222320000000002,9.9099789999999999,0.0,0.0,0.0,0.0,0.0,0.0,6.0,0.0,0.0,0.0,100.0,0.0,0.0,100.0
1480298168.7219999,9.1618099999999991,-3.2472189999999999,12.16057,0.0,0.0,0.0,0.0,0.0,0.0,1.0,0.0,0.0,0.0,100.0,0.0,0.0,100.0
1480298168.994,4.9273170000000004,-2.4568940000000001,9.7410189999999997,0.0,0.0,0.0,0.0,0.0,0.0,1.0,0.0,0.0,0.0,100.0,0.0,0.0,100.0
1480298169.178,11.34507,-2.4827050000000002,9.1657930000000007,0.0,0.0,0.0,0.0,0.0,0.0,1.0,0.0,0.0,0.0,100.0,0.0,0.0,100.0
1480298169.3629999,10.544079999999999,-3.3199450000000001,6.9477840000000004,0.0,0.0,0.0,0.0,0.0,0.0,1.0,0.0,0.0,0.0,100.0,0.0,0.0,100.0
1480298169.5380001,9.0247930000000007,-4.8630800000000001,8.8460470000000004,0.0,0.0,0.0,0.0,0.0,0.0,1.0,0.0,0.0,0.0,100.0,0.0,0.0,100.0
1480298169.723,9.4016730000000006,-4.7349329999999998,8.7645440000000008,0.0,0.0,0.0,0.0,0.0,0.0,1.0,0.0,0.0,0.0,100.0,0.0,0.0,100.0
1480298169.9089999,7.5541080000000003,-3.982631,8.8304849999999995,0.0,0.0,0.0,0.0,0.0,0.0,2.0,0.0,0.0,0.0,100.0,0.0,0.0,100.0
1480298170.1570001,4.9809279999999996,-1.574816,9.0304149999999996,0.0,0.0,0.0,0.0,0.0,0.0,2.0,0.0,0.0,0.0,0.0,92.0,0.0,100.0
1480298170.3929999,4.8573909999999998,0.6603019,9.4852559999999997,0.0,0.0,0.0,0.0,0.0,0.0,11.0,0.0,0.0,0.0,100.0,0.0,0.0,72.0
1480298170.5940001,1.932804,-1.577996,10.123559999999999,0.0,0.0,0.0,0.0,0.0,0.0,5.0,0.0,0.0,0.0,100.0,0.0,0.0,100.0
1480298170.8139999,-0.50622330000000004,-6.6783510000000001,15.56734,0.0,0.0,0.0,0.0,0.0,0.0,0.0,0.0,100.0,0.0,35.0,0.0,0.0,100.0
1480298171.02,7.7845380000000004,-3.7527659999999998,17.0566,0.0,0.0,0.0,0.0,0.0,0.0,5.0,0.0,0.0,0.0,76.0,0.0,0.0,100.0
1480298171.217,9.5487079999999995,-3.8557049999999999,12.31564,0.0,0.0,0.0,0.0,0.0,0.0,5.0,0.0,0.0,0.0,100.0,0.0,0.0,100.0
1480298171.415,13.09014,3.0515629999999998,8.8786260000000006,0.0,0.0,0.0,0.0,0.0,0.0,11.0,0.0,0.0,0.0,100.0,0.0,100.0,0.0
1480298171.6070001,7.3444289999999999,1.5038229999999999,16.209129999999998,0.0,0.0,0.0,0.0,0.0,0.0,6.0,0.0,0.0,0.0,100.0,0.0,0.0,100.0
1480298171.802,5.0298660000000002,3.940394,10.66344,0.0,0.0,0.0,0.0,0.0,0.0,14.0,0.0,0.0,0.0,97.0,0.0,100.0,0.0
1480298171.994,8.5483340000000005,1.0538179999999999,13.03816,0.0,0.0,0.0,0.0,0.0,0.0,15.0,0.0,0.0,0.0,100.0,0.0,0.0,100.0
1480298172.198,13.87149,2.5738699999999999,11.65368,0.0,0.0,0.0,0.0,0.0,0.0,16.0,0.0,0.0,0.0,100.0,0.0,84.0,0.0
1480298172.391,8.4918169999999993,2.9928720000000002,13.439220000000001,0.0,0.0,0.0,0.0,0.0,0.0,10.0,0.0,0.0,0.0,100.0,0.0,0.0,31.0
1480298172.586,11.597189999999999,-1.2033529999999999,16.41217,0.0,0.0,0.0,0.0,0.0,0.0,6.0,0.0,0.0,0.0,100.0,0.0,0.0,100.0
1480298172.7650001,7.0461179999999999,1.2202550000000001,14.37687,0.0,0.0,0.0,0.0,0.0,0.0,11.0,0.0,0.0,0.0,25.0,0.0,100.0,0.0
1480298172.9449999,10.62524,-3.53247,8.9853909999999999,0.0,0.0,0.0,0.0,0.0,0.0,17.0,0.0,0.0,0.0,100.0,0.0,0.0,100.0
1480298173.1400001,-3.0201479999999998,-2.2291889999999999,13.68088,0.0,0.0,0.0,0.0,0.0,0.0,3.0,0.0,0.0,0.0,83.0,0.0,100.0,0.0
1480298173.3789999,9.0059930000000001,-11.71123,10.686310000000001,0.0,0.0,0.0,0.0,0.0,0.0,0.0,0.0,0.0,100.0,10.0,0.0,0.0,86.0
1480298173.5550001,8.1873249999999995,-6.5688719999999998,10.876289999999999,0.0,0.0,0.0,0.0,0.0,0.0,14.0,0.0,0.0,0.0,0.0,100.0,100.0,0.0
1480298173.7309999,-0.33853680000000003,-1.938499,14.355510000000001,0.0,0.0,0.0,0.0,0.0,0.0,1.0,0.0,0.0,0.0,100.0,0.0,0.0,100.0
1480298173.9000001,-2.2912400000000002,2.7341000000000002,7.1380939999999997,0.0,0.0,0.0,0.0,0.0,0.0,0.0,0.0,0.0,0.0,100.0,0.0,0.0,100.0
1480298174.076,5.4388370000000004,4.301158,10.669919999999999,0.0,0.0,0.0,0.0,0.0,0.0,4.0,0.0,0.0,0.0,97.0,0.0,0.0,100.0
1480298174.2750001,13.75187,5.6422840000000001,13.685029999999999,0.0,0.0,0.0,0.0,0.0,0.0,6.0,0.0,0.0,0.0,0.0,56.0,100.0,0.0
1480298174.4790001,18.00432,1.678261,14.108549999999999,0.0,0.0,0.0,0.0,0.0,0.0,0.0,0.0,0.0,0.0,0.0,100.0,100.0,0.0
1480298174.6600001,13.83934,-2.7276220000000002,13.178599999999999,0.0,0.0,0.0,0.0,0.0,0.0,2.0,0.0,0.0,0.0,0.0,38.0,0.0,100.0
1480298174.849,9.1498650000000001,0.94396040000000003,10.86059,0.0,0.0,0.0,0.0,0.0,0.0,5.0,0.0,0.0,0.0,0.0,63.0,100.0,0.0
1480298175.0339999,16.730270000000001,1.0693999999999999,13.19694,0.0,0.0,0.0,0.0,0.0,0.0,5.0,0.0,0.0,0.0,35.0,0.0,100.0,0.0
1480298175.2149999,20.243929999999999,-3.9061490000000001,13.05176,0.0,0.0,0.0,0.0,0.0,0.0,6.0,0.0,0.0,0.0,0.0,78.0,100.0,0.0
1480298175.3870001,9.3415909999999993,0.45887499999999998,13.574820000000001,0.0,0.0,0.0,0.0,0.0,0.0,9.0,0.0,0.0,100.0,100.0,0.0,0.0,100.0
1480298175.566,4.517353,-2.2599909999999999,11.429919999999999,0.0,0.0,0.0,0.0,0.0,0.0,8.0,0.0,0.0,0.0,0.0,10.0,100.0,0.0
1480298175.756,4.177556,-1.948726,17.542280000000002,0.0,0.0,0.0,0.0,0.0,0.0,2.0,0.0,0.0,0.0,58.0,0.0,100.0,0.0
1480298175.9579999,1.2353700000000001,-2.5266519999999999,11.61903,0.0,0.0,0.0,0.0,0.0,0.0,5.0,0.0,0.0,0.0,91.0,0.0,0.0,100.0
1480298176.165,1.4465889999999999,-4.9424710000000003,13.88918,0.0,0.0,0.0,0.0,0.0,0.0,6.0,0.0,0.0,42.0,79.0,0.0,0.0,29.0
1480298176.4230001,-1.2943560000000001,-0.52352980000000005,15.735900000000001,0.0,0.0,0.0,0.0,0.0,0.0,10.0,0.0,0.0,0.0,12.0,0.0,0.0,100.0
1480298176.612,1.585448,-0.9710162,14.882379999999999,0.0,0.0,0.0,0.0,0.0,0.0,18.0,0.0,0.0,0.0,86.0,0.0,0.0,100.0
1480298176.7980001,5.909224,-3.5283890000000002,16.300999999999998,0.0,0.0,0.0,0.0,0.0,0.0,13.0,0.0,50.0,0.0,13.0,0.0,15.0,0.0
1480298176.983,-2.820233,-4.1599469999999998,18.613510000000002,0.0,0.0,0.0,0.0,0.0,0.0,0.0,0.0,0.0,0.0,0.0,0.0,0.0,0.0
1480298177.171,-3.6344500000000002,-3.6611020000000001,18.9771,0.0,0.0,0.0,0.0,0.0,0.0,0.0,0.0,0.0,0.0,0.0,39.0,0.0,100.0
1480298177.345,11.62504,-4.5080330000000002,14.536009999999999,0.0,0.0,0.0,0.0,0.0,0.0,9.0,0.0,0.0,0.0,66.0,0.0,0.0,100.0
1480298177.5209999,19.387139999999999,-3.1695190000000002,14.8659,0.0,0.0,0.0,0.0,0.0,0.0,10.0,0.0,0.0,0.0,38.0,0.0,0.0,100.0
1480298177.6949999,10.984730000000001,-8.5217030000000005,12.018610000000001,0.0,0.0,0.0,0.0,0.0,0.0,10.0,0.0,0.0,0.0,20.0,0.0,0.0,100.0
1480298177.869,17.323550000000001,-3.770416,5.9058000000000002,0.0,0.0,0.0,0.0,0.0,0.0,25.0,0.0,0.0,0.0,100.0,0.0,0.0,100.0
1480298178.043,11.52403,-11.03487,12.37951,0.0,0.0,0.0,0.0,0.0,0.0,0.0,0.0,0.0,0.0,0.0,0.0,0.0,100.0
1480298178.223,11.49335,-6.9432939999999999,10.04316,0.0,0.0,0.0,0.0,0.0,0.0,5.0,0.0,0.0,0.0,100.0,0.0,0.0,100.0
1480298178.5079999,9.5670529999999996,-5.3347550000000004,11.85496,0.0,0.0,0.0,0.0,0.0,0.0,5.0,0.0,0.0,0.0,100.0,0.0,0.0,100.0
1480298178.6800001,10.117369999999999,-3.7661449999999999,10.661910000000001,0.0,0.0,0.0,0.0,0.0,0.0,5.0,0.0,0.0,0.0,100.0,0.0,0.0,100.0
1480298178.865,10.53966,-3.3232110000000001,10.12965,0.0,0.0,0.0,0.0,0.0,0.0,5.0,0.0,0.0,0.0,100.0,0.0,0.0,100.0
1480298179.0469999,10.63772,-3.14324,10.01266,0.0,0.0,0.0,0.0,0.0,0.0,5.0,0.0,0.0,0.0,100.0,0.0,0.0,100.0
1480298179.2739999,10.97367,-2.7837290000000001,10.711510000000001,0.0,0.0,0.0,0.0,0.0,0.0,5.0,0.0,0.0,0.0,100.0,0.0,0.0,100.0
1480298179.461,10.17657,-0.33904459999999997,8.7038130000000002,0.0,0.0,0.0,0.0,47.0,0.0,0.0,0.0,100.0,0.0,100.0,0.0,0.0,100.0
1480298179.6470001,50.251930000000002,-25.75188,-39.105379999999997,0.0,0.0,0.0,0.0,44.0,0.0,0.0,0.0,100.0,0.0,100.0,0.0,0.0,100.0
1480298179.832,-31.739750000000001,0.17664340000000001,15.006169999999999,0.0,0.0,0.0,0.0,100.0,0.0,0.0,0.0,100.0,100.0,22.0,0.0,0.0,100.0
1480298180.0109999,-30.773150000000001,0.38885779999999998,16.348040000000001,0.0,0.0,0.0,0.0,100.0,0.0,1.0,0.0,100.0,100.0,0.0,33.0,0.0,100.0
1480298180.1789999,-32.340890000000002,1.3445769999999999,19.925370000000001,0.0,0.0,0.0,0.0,100.0,0.0,1.0,0.0,100.0,100.0,0.0,33.0,0.0,100.0
1480298180.3529999,-32.095260000000003,0.54621010000000003,21.018419999999999,0.0,0.0,0.0,0.0,100.0,0.0,1.0,0.0,100.0,100.0,0.0,33.0,0.0,100.0
1480298180.5439999,-32.133789999999998,0.60580350000000005,21.273070000000001,0.0,0.0,0.0,0.0,100.0,0.0,1.0,0.0,100.0,100.0,0.0,33.0,0.0,100.0
1480298180.7650001,-32.136450000000004,1.1905829999999999,20.66986,0.0,0.0,0.0,0.0,100.0,0.0,1.0,0.0,100.0,100.0,0.0,33.0,0.0,100.0
1480298180.9660001,-32.315309999999997,2.1529590000000001,19.65558,0.0,0.0,0.0,0.0,100.0,0.0,1.0,0.0,100.0,100.0,0.0,33.0,0.0,100.0
1480298181.191,-32.72419,2.0985429999999998,20.097180000000002,0.0,0.0,0.0,0.0,100.0,0.0,1.0,0.0,100.0,100.0,0.0,33.0,0.0,100.0
1480298181.4070001,-31.04598,5.0256800000000004,16.06936,0.0,0.0,0.0,0.0,100.0,0.0,1.0,0.0,100.0,100.0,0.0,33.0,0.0,100.0
1480298181.6270001,-33.008659999999999,3.2773400000000001,19.518969999999999,0.0,0.0,0.0,0.0,30.0,0.0,0.0,0.0,100.0,0.0,30.0,0.0,0.0,100.0
1480298181.845,-32.824570000000001,1.21224,21.92315,0.0,0.0,0.0,0.0,47.0,0.0,1.0,0.0,18.0,100.0,93.0,0.0,0.0,100.0
1480298182.075,-32.691870000000002,1.4102269999999999,21.33447,0.0,0.0,0.0,0.0,71.0,0.0,0.0,0.0,100.0,0.0,0.0,38.0,0.0,85.0
1480298182.3540001,-32.67127,0.42080099999999998,22.340689999999999,0.0,0.0,0.0,0.0,47.0,0.0,2.0,0.0,100.0,100.0,85.0,0.0,0.0,100.0
1480298182.569,-32.507390000000001,0.77970589999999995,21.316379999999999,0.0,0.0,0.0,0.0,38.0,0.0,3.0,0.0,0.0,0.0,93.0,0.0,0.0,100.0
1480298182.7479999,-32.520380000000003,1.0890759999999999,20.917649999999998,0.0,0.0,0.0,0.0,0.0,0.0,2.0,0.0,0.0,0.0,0.0,61.0,89.0,0.0
1480298182.928,-32.586069999999999,1.4673240000000001,20.504670000000001,0.0,0.0,0.0,0.0,0.0,0.0,8.0,0.0,100.0,0.0,0.0,95.0,74.0,0.0
1480298183.1240001,-32.643219999999999,0.76972649999999998,21.383140000000001,0.0,0.0,0.0,0.0,0.0,0.0,7.0,0.0,0.0,0.0,0.0,35.0,0.0,72.0
1480298183.3050001,-32.634529999999998,1.7536879999999999,19.90795,0.0,0.0,0.0,0.0,0.0,0.0,13.0,0.0,0.0,0.0,0.0,0.0,0.0,100.0
1480298183.4860001,-32.723410000000001,1.4295070000000001,19.314409999999999,0.0,0.0,0.0,0.0,0.0,0.0,8.0,0.0,0.0,0.0,100.0,0.0,61.0,0.0
1480298183.6730001,-30.415150000000001,0.45496979999999998,16.18366,0.0,0.0,0.0,0.0,0.0,0.0,5.0,0.0,0.0,0.0,100.0,0.0,0.0,100.0
1480298183.862,-32.0809,-0.47809990000000002,19.92747,0.0,0.0,0.0,0.0,0.0,0.0,1.0,0.0,0.0,0.0,0.0,69.0,48.0,0.0
1480298184.049,-31.987559999999998,-2.3907910000000001,19.822489999999998,0.0,0.0,0.0,0.0,0.0,0.0,4.0,0.0,100.0,0.0,0.0,100.0,0.0,100.0
1480298184.233,-32.10539,-4.5854739999999996,22.728190000000001,0.0,0.0,0.0,0.0,0.0,0.0,6.0,0.0,0.0,0.0,0.0,100.0,0.0,63.0
1480298184.418,-32.115250000000003,-4.1202240000000003,22.174880000000002,0.0,0.0,0.0,0.0,0.0,0.0,16.0,0.0,0.0,0.0,0.0,100.0,0.0,100.0
1480298184.6070001,-31.985949999999999,-4.0804179999999999,22.164169999999999,0.0,0.0,0.0,0.0,0.0,0.0,9.0,0.0,0.0,0.0,0.0,100.0,0.0,100.0
1480298184.7950001,-32.013359999999999,-4.1554070000000003,22.099519999999998,0.0,0.0,0.0,0.0,0.0,0.0,9.0,0.0,0.0,0.0,0.0,100.0,0.0,100.0
1480298184.9809999,-32.192570000000003,-3.9300760000000001,21.983640000000001,0.0,0.0,0.0,0.0,0.0,0.0,6.0,0.0,0.0,0.0,0.0,100.0,0.0,100.0
1480298185.1949999,-32.24042,-3.1728079999999999,21.2134,0.0,0.0,0.0,0.0,0.0,0.0,8.0,0.0,0.0,0.0,0.0,100.0,0.0,100.0
1480298185.4519999,-32.149790000000003,-2.8184390000000001,21.098590000000002,0.0,0.0,0.0,0.0,0.0,0.0,13.0,0.0,0.0,0.0,0.0,100.0,0.0,100.0
1480298185.6389999,-32.0379,-2.9561199999999999,20.811399999999999,0.0,0.0,0.0,0.0,0.0,0.0,11.0,0.0,0.0,0.0,0.0,94.0,0.0,100.0
1480298185.8340001,-32.12368,-2.696491,20.567530000000001,0.0,0.0,0.0,0.0,0.0,0.0,8.0,0.0,0.0,0.0,0.0,20.0,0.0,100.0
1480298186.0280001,-32.079320000000003,-2.4483790000000001,20.589880000000001,0.0,0.0,0.0,0.0,0.0,0.0,8.0,0.0,0.0,0.0,0.0,23.0,0.0,100.0
1480298186.2130001,-32.361319999999999,-1.532848,20.31043,0.0,0.0,0.0,0.0,0.0,0.0,10.0,0.0,0.0,0.0,84.0,0.0,0.0,100.0
1480298186.3970001,-32.833559999999999,-1.6226430000000001,20.968109999999999,0.0,0.0,0.0,0.0,0.0,0.0,18.0,0.0,0.0,0.0,87.0,0.0,17.0,0.0
1480298186.619,-33.213700000000003,-1.8193520000000001,21.872620000000001,0.0,0.0,0.0,0.0,0.0,0.0,8.0,0.0,0.0,0.0,71.0,0.0,0.0,100.0
1480298186.8399999,-33.088479999999997,-2.7058789999999999,23.29326,0.0,0.0,0.0,0.0,0.0,0.0,5.0,0.0,0.0,0.0,0.0,27.0,0.0,100.0
1480298187.0599999,-33.327249999999999,-2.572686,23.48929,0.0,0.0,0.0,0.0,0.0,0.0,5.0,0.0,0.0,0.0,0.0,27.0,0.0,100.0
1480298187.2620001,-33.167789999999997,-3.0466839999999999,23.614170000000001,0.0,0.0,0.0,0.0,0.0,0.0,5.0,0.0,0.0,0.0,0.0,27.0,0.0,100.0
1480298187.4679999,-33.259920000000001,-3.8339059999999998,24.855720000000002,0.0,0.0,0.0,0.0,0.0,0.0,5.0,0.0,0.0,0.0,0.0,27.0,0.0,100.0
1480298187.665,-9.4357889999999998,-34.098100000000002,45.112000000000002,0.0,0.0,0.0,0.0,0.0,0.0,5.0,0.0,0.0,0.0,0.0,27.0,0.0,100.0
1480298187.869,-10.398569999999999,-33.545009999999998,44.551699999999997,0.0,0.0,0.0,0.0,0.0,0.0,5.0,0.0,0.0,0.0,0.0,27.0,0.0,100.0
1480298188.0699999,-11.02028,-33.22831,44.263330000000003,0.0,0.0,0.0,0.0,10.0,0.0,0.0,0.0,100.0,100.0,0.0,100.0,100.0,0.0
1480298188.302,-11.02638,-33.359349999999999,44.389319999999998,0.0,0.0,0.0,0.0,0.0,0.0,0.0,0.0,100.0,100.0,0.0,100.0,86.0,0.0
1480298188.5699999,-10.505940000000001,-33.875050000000002,44.863030000000002,0.0,0.0,0.0,0.0,0.0,0.0,0.0,0.0,100.0,100.0,0.0,42.0,0.0,100.0
1480298188.779,-9.2445719999999998,-34.824669999999998,45.449820000000003,0.0,0.0,0.0,0.0,0.0,0.0,0.0,0.0,81.0,100.0,0.0,43.0,0.0,100.0
1480298188.9719999,14.897460000000001,-10.672169999999999,-72.500039999999998,0.0,0.0,0.0,0.0,0.0,0.0,0.0,0.0,100.0,100.0,100.0,0.0,0.0,100.0
1480298189.168,0.0,0.0,0.0,0.0,0.0,0.0,0.0,0.0,0.0,0.0,0.0,100.0,100.0,100.0,0.0,0.0,100.0
1480298189.3299999,0.0,0.0,0.0,0.0,0.0,0.0,0.0,0.0,0.0,0.0,0.0,100.0,100.0,100.0,0.0,0.0,100.0
1480298189.5239999,0.0,0.0,0.0,0.0,0.0,0.0,0.0,0.0,0.0,0.0,0.0,100.0,100.0,100.0,0.0,0.0,100.0
1480298189.7060001,0.0,0.0,0.0,0.0,0.0,0.0,0.0,0.0,0.0,0.0,0.0,100.0,100.0,100.0,0.0,0.0,100.0
1480298189.892,0.0,0.0,0.0,0.0,0.0,0.0,0.0,0.0,0.0,0.0,0.0,100.0,100.0,100.0,0.0,0.0,100.0
1480298190.0680001,0.0,0.0,0.0,0.0,0.0,0.0,0.0,0.0,0.0,0.0,0.0,100.0,100.0,100.0,0.0,0.0,100.0
1480298190.2679999,17.581980000000001,-6.3326789999999997,10.30569,40.0,0.0,0.0,0.0,80.0,0.0,0.0,0.0,100.0,100.0,0.0,21.0,0.0,100.0
1480298190.53,0.0,0.0,0.0,40.0,0.0,0.0,0.0,80.0,0.0,0.0,0.0,100.0,100.0,0.0,21.0,0.0,100.0
1480298190.7090001,0.0,0.0,0.0,40.0,0.0,0.0,0.0,80.0,0.0,0.0,0.0,100.0,100.0,0.0,21.0,0.0,100.0
1480298190.9159999,0.0,0.0,0.0,40.0,0.0,0.0,0.0,80.0,0.0,0.0,0.0,100.0,100.0,0.0,21.0,0.0,100.0
1480298191.1070001,0.0,0.0,0.0,40.0,0.0,0.0,0.0,80.0,0.0,0.0,0.0,100.0,100.0,0.0,21.0,0.0,100.0
1480298191.3110001,0.0,0.0,0.0,40.0,0.0,0.0,0.0,80.0,0.0,0.0,0.0,100.0,100.0,0.0,21.0,0.0,100.0
1480298191.549,-3.0747390000000001,-2.820843,11.09272,0.0,0.0,0.0,0.0,0.0,0.0,3.0,0.0,100.0,100.0,0.0,100.0,0.0,91.0
1480298191.7290001,-5.0244340000000003,-3.8201480000000001,9.2906099999999991,0.0,0.0,0.0,0.0,0.0,0.0,0.0,0.0,100.0,100.0,31.0,0.0,0.0,0.0
1480298191.973,-8.3034859999999995,-0.60594530000000002,27.192779999999999,0.0,0.0,0.0,0.0,0.0,0.0,0.0,0.0,100.0,100.0,31.0,0.0,0.0,0.0
1480298192.1570001,0.0,0.0,0.0,0.0,0.0,0.0,0.0,0.0,0.0,0.0,0.0,100.0,100.0,31.0,0.0,0.0,0.0
1480298192.332,0.0,0.0,0.0,0.0,0.0,0.0,0.0,0.0,0.0,0.0,0.0,100.0,100.0,31.0,0.0,0.0,0.0
1480298192.5079999,0.0,0.0,0.0,0.0,0.0,0.0,0.0,0.0,0.0,0.0,0.0,100.0,100.0,31.0,0.0,0.0,0.0
1480298192.6889999,0.0,0.0,0.0,0.0,0.0,0.0,0.0,0.0,0.0,0.0,0.0,100.0,100.0,31.0,0.0,0.0,0.0
1480298192.941,17.76972,9.0669950000000004,2.0992359999999999,0.0,0.0,0.0,0.0,0.0,100.0,16.0,0.0,100.0,0.0,100.0,0.0,100.0,0.0
1480298193.1240001,-0.50262759999999995,8.3074980000000007,26.924569999999999,0.0,0.0,0.0,0.0,0.0,100.0,0.0,0.0,100.0,100.0,100.0,0.0,0.0,100.0
1480298193.375,0.0,0.0,0.0,0.0,0.0,0.0,0.0,0.0,100.0,0.0,0.0,100.0,100.0,100.0,0.0,0.0,100.0
1480298198.6760001,0.0,0.0,0.0,0.0,0.0,0.0,0.0,0.0,100.0,0.0,0.0,100.0,100.0,100.0,0.0,0.0,100.0
1480298198.8499999,0.0,0.0,0.0,0.0,0.0,0.0,0.0,0.0,100.0,0.0,0.0,100.0,100.0,100.0,0.0,0.0,100.0
1480298198.9979999,0.0,0.0,0.0,0.0,0.0,0.0,0.0,0.0,100.0,0.0,0.0,100.0,100.0,100.0,0.0,0.0,100.0
1480298199.1500001,0.0,0.0,0.0,0.0,0.0,0.0,0.0,0.0,100.0,0.0,0.0,100.0,100.0,100.0,0.0,0.0,100.0
1480298199.303,0.0,0.0,0.0,0.0,0.0,0.0,0.0,0.0,100.0,0.0,0.0,100.0,100.0,100.0,0.0,0.0,100.0
1480298199.46,0.0,0.0,0.0,0.0,0.0,0.0,0.0,0.0,100.0,0.0,0.0,100.0,100.0,100.0,0.0,0.0,100.0
1480298199.6040001,0.0,0.0,0.0,0.0,0.0,0.0,0.0,0.0,100.0,0.0,0.0,100.0,100.0,100.0,0.0,0.0,100.0
1480298199.753,0.0,0.0,0.0,0.0,0.0,0.0,0.0,0.0,100.0,0.0,0.0,100.0,100.0,100.0,0.0,0.0,100.0
1480298199.905,0.0,0.0,0.0,0.0,0.0,0.0,0.0,0.0,100.0,0.0,0.0,100.0,100.0,100.0,0.0,0.0,100.0
1480298200.0680001,-3.0064860000000002,-9.5662120000000002,-8.1452600000000004,0.0,0.0,0.0,0.0,0.0,0.0,5.0,0.0,100.0,100.0,100.0,0.0,40.0,0.0
1480298200.2609999,-0.60618070000000002,-3.3340800000000002,1.787671,0.0,0.0,0.0,0.0,0.0,0.0,2.0,0.0,100.0,100.0,100.0,0.0,100.0,0.0
1480298200.5150001,-3.4178630000000001,1.147683,6.5102690000000001,0.0,0.0,0.0,0.0,0.0,0.0,0.0,0.0,0.0,13.0,100.0,0.0,100.0,0.0
1480298200.7449999,-2.7032389999999999,-0.59791240000000001,4.2046659999999996,0.0,0.0,0.0,0.0,0.0,0.0,0.0,0.0,65.0,0.0,100.0,0.0,100.0,0.0
1480298200.9230001,-2.491933,-5.2440569999999997,5.9435539999999998,0.0,0.0,40.0,0.0,0.0,0.0,0.0,0.0,100.0,100.0,100.0,0.0,0.0,100.0
1480298201.1059999,-6.0696669999999999,-14.81223,17.124980000000001,0.0,0.0,0.0,0.0,17.0,0.0,0.0,0.0,100.0,0.0,100.0,0.0,100.0,0.0
1480298201.3840001,-6.5147209999999998,-14.292820000000001,16.883179999999999,0.0,0.0,0.0,0.0,17.0,0.0,0.0,0.0,100.0,0.0,100.0,0.0,100.0,0.0
1480298201.5739999,-6.4461469999999998,-14.325060000000001,17.076540000000001,0.0,0.0,0.0,0.0,17.0,0.0,0.0,0.0,100.0,0.0,100.0,0.0,100.0,0.0
1480298201.767,-6.1501760000000001,-14.795680000000001,17.22654,0.0,0.0,0.0,0.0,17.0,0.0,0.0,0.0,100.0,0.0,100.0,0.0,100.0,0.0
1480298201.9749999,-5.9846810000000001,-15.43624,17.322569999999999,0.0,0.0,0.0,0.0,17.0,0.0,0.0,0.0,100.0,0.0,100.0,0.0,100.0,0.0
1480298202.1730001,-5.7088739999999998,-15.95448,17.447030000000002,0.0,0.0,0.0,0.0,17.0,0.0,0.0,0.0,100.0,0.0,100.0,0.0,100.0,0.0
1480298202.375,-7.133114,-13.91076,20.62895,0.0,0.0,0.0,0.0,0.0,0.0,0.0,0.0,100.0,0.0,0.0,63.0,0.0,100.0
1480298202.5780001,-9.5288749999999993,-14.6449,25.69275,0.0,0.0,0.0,0.0,0.0,0.0,0.0,0.0,100.0,32.0,0.0,100.0,0.0,100.0
1480298203.553,3.348824,-13.602969999999999,-6.3761080000000003,0.0,0.0,0.0,0.0,4.0,0.0,0.0,0.0,0.0,0.0,100.0,0.0,100.0,0.0
1480298203.7360001,9.5240749999999998,-15.82705,3.9884710000000001,0.0,0.0,0.0,0.0,0.0,0.0,11.0,0.0,100.0,100.0,68.0,0.0,100.0,0.0
1480298203.911,-6.6371669999999998,0.93353900000000001,7.9289160000000001,0.0,0.0,0.0,0.0,17.0,0.0,6.0,0.0,100.0,0.0,0.0,95.0,100.0,0.0
1480298204.098,-10.327,9.5298929999999995,4.153823,0.0,0.0,0.0,0.0,0.0,0.0,3.0,0.0,100.0,100.0,77.0,0.0,100.0,0.0
1480298204.2969999,-23.283300000000001,5.7591859999999997,24.208749999999998,0.0,0.0,0.0,0.0,0.0,0.0,0.0,0.0,100.0,100.0,0.0,0.0,0.0,100.0
1480298204.487,-15.66653,2.0529769999999998,23.54777,0.0,0.0,0.0,0.0,0.0,0.0,10.0,0.0,100.0,100.0,45.0,0.0,0.0,100.0
